Workbook

Sheet 說明
A1: 英語補習班名錄
A2: 楊梅永平路 20 公里圈 ＋ 全台立案英文補習班
A4: 擷取日期 | B4: 2026-09-09（Google 名單）／2026-09-10（立案資料與 email）
A6: 分頁說明
A7: 楊梅20km名錄 | B7: 159 家。以桃園市楊梅區永平路（24.920261, 121.178141）為圓心、半徑 20 公里的英文補習班。名單來自 Google Maps，含評分、官網、座標與距離；其中 120 家已對上立案資料。
A8: 全台英文補習班 | B8: 4,685 家。完全來自教育部立案資料，涵蓋全台 22 縣市。沒有 Google 評分、官網、座標與距離——那些需要 Places API，而免費配額每日僅 100 次，不可能涵蓋數千家。
A9: 規模統計 | B9: 整體、依距離級距、依規模分級、依行政區、全台依縣市。全部為公式，會自動重算。
A10: 未對上立案 | B10: 39 家 Google 找得到、但對不上立案資料者。
A12: 資料來源
A13: 名單／聯絡方式 | B13: Google Maps Places API (New) places:searchNearby。六角網格 85 格覆蓋 20 公里圓域，每格半徑 2,800 公尺；類型限 school 與 child_care_agency，排除主類型為公立中小學與大學者。
A14: 立案資料／email／規模 | B14: 教育部「直轄市及各縣市短期補習班資訊管理系統」，經 https://afterschools.olc.tw/ 取得。全台 17,836 家立案補習班中，外語類 4,819 家，篩出實際教英文且未廢止者 4,685 家。
A15: 官方原始站 | B15: https://bsb.kh.edu.tw/ 立案資料權威版本，鏡站為二手；有出入以官方為準。
A17: email 欄位
A18: 來源 | B18: 立案登記的聯絡信箱，非 Google 資料（Google Places 沒有 email 欄位）。
A19: 覆蓋率 | B19: 楊梅名錄 113/159 家；全台 3,790/4,685 家（80%）。全台其中 2,140 家是 Gmail。空白代表立案時未填或未更新。
A20: 注意 | B20: 這是負責人或班務的登記信箱，未必是招生窗口，也可能已停用。群發前請先小量測試退信率，並遵守個資法與商業電子郵件相關規範。
A22: 重要限制
A23: 沒有學生人數 | B23: 實際在學人數不屬於公開資訊，兩個來源都沒有這個欄位。
A24: 核定容量的算法 | B24: 各核准科目「班級數 × 每班核准人數」加總，同一批學生修多科會重複計算，會出現「4 間教室卻核定 1,773 人」。判斷規模請看教室數與班舍總面積。
A25: 楊梅名單不完整 | B25: Places API 單次上限 20 筆，85 格中有 36 格觸頂，中壢、桃園、八德等密集區有遺漏。同範圍立案外語類實有 1,064 家，遠多於 Google 能看到的 159 家。
A26: 全台名單較完整但無距離 | B26: 立案資料是普查等級，但沒有經緯度。要算距離需 Geocoding API。
A27: 英文判定方式 | B27: 全台分頁以「核准科目含英文或美語」為準，其次看名稱；純日語、韓語補習班已剔除，已廢止／註銷者亦剔除。
A29: 規模分級標準
A30: 大型 | B30: 班舍總面積 ≥ 400 ㎡ 或教室 ≥ 8 間
A31: 中型 | B31: ≥ 200 ㎡ 或 ≥ 5 間
A32: 小型 | B32: 其餘
A33: 空白 | B33: 未對上立案資料，無規模數據

Sheet 楊梅20km名錄
A1: 距離級距 | B1: 距離(km) | C1: 名稱（Google 招牌） | D1: 立案名稱 | E1: 縣市 | F1: 行政區 | G1: 地址 | H1: 電話 | I1: Email | J1: 官網 | K1: 評分 | L1: 評論數 | M1: 規模 | N1: 教室數 | O1: 教室面積(㎡) | P1: 班舍總面積(㎡) | Q1: 核准班級數 | R1: 登記師資(人) | S1: 核定容量(人) | T1: 英文科核定(人) | U1: 立案類別 | V1: 立案日期 | W1: 負責人 | X1: 班主任 | Y1: 比對方式 | Z1: 立案頁 | AA1: Google Maps | AB1: 緯度 | AC1: 經度
A2: 0–5 km | B2: 0.74 | C2: D&V Art and English Academy 英語藝術學院 | D2: 私立大衛與費雯莉英語短期補習班 | E2: 桃園市 | F2: 楊梅區 | G2: 桃園市楊梅區四維里四維路62號 | H2: 03 481 0548 | I2: dvenglish2021@gmail.com | K2: 5 | L2: 2 | M2: 中型 | N2: 3 | O2: 73.08 | P2: 210.65 | Q2: 3 | R2: 1 | S2: 198 | T2: 198 | U2: 外語類 | V2: 2008-07-01 | W2: 鄧泓敦 | X2: 江筱書 | Y2: address | Z2: 立案頁 | AA2: 地圖 | AB2: 24.913928 | AC2: 121.18044
A3: 0–5 km | B3: 0.75 | C3: 私立勝豐美語珠心算短期補習班 | D3: 私立勝豐美語珠心算短期補習班 | E3: 桃園市 | F3: 楊梅區 | G3: 桃園市楊梅區埔心里新興街35號 | H3: 03 481 7643 | I3: li996110@gmail.com | J3: 官網 | K3: 5 | L3: 12 | M3: 小型 | N3: 3 | O3: 76.43 | P3: 144.07 | Q3: 3 | R3: 2 | S3: 45 | T3: 30 | U3: 外語類,商類：珠算、心算、會計 | V3: 2002-02-20 | W3: 葉至芹 | X3: 黎桂容 | Y3: address | Z3: 立案頁 | AA3: 地圖 | AB3: 24.918406 | AC3: 121.18533
A4: 0–5 km | B4: 0.89 | C4: 空中美語兒童美語 楊梅艾奇德 分校 | E4: 桃園市 | F4: 楊梅區 | G4: 桃園市楊梅區四維里文化街96號 | H4: 03 481 8811 | J4: 官網 | K4: 5 | L4: 1 | AA4: 地圖 | AB4: 24.914552 | AC4: 121.18428
A5: 0–5 km | B5: 0.96 | C5: 承恩美語補習班 | D5: 環愛國際教育管理顧問股份有限公司附設私立承恩語文數學短期補習班 | E5: 桃園市 | F5: 楊梅區 | G5: 桃園市楊梅區四維里四維路162號 | H5: 03 481 1177 | I5: pipi_5016@yahoo.com.tw | K5: 4.8 | L5: 33 | M5: 中型 | N5: 6 | O5: 190.82 | P5: 282.26 | Q5: 6 | R5: 4 | S5: 156 | T5: 54 | U5: 外語類 | V5: 2004-12-16 | W5: 陳和順 | X5: 陳雪芳 | Y5: phone | Z5: 立案頁 | AA5: 地圖 | AB5: 24.912301 | AC5: 121.18172
A6: 0–5 km | B6: 3.03 | C6: 甜蜜美語文理短期補習班 | E6: 桃園市 | F6: 楊梅區 | G6: 桃園市楊梅區裕成里裕成路158巷31號 | H6: 03 431 4018 | K6: 3 | L6: 2 | AA6: 地圖 | AB6: 24.898957 | AC6: 121.15943
A7: 0–5 km | B7: 3.3 | C7: 愛美語楊梅大同二校-漢峰補習班 | D7: 私立漢峰文理短期補習班梅高分班 | E7: 桃園市 | F7: 楊梅區 | G7: 桃園市楊梅區楊梅里梅高路60號 | H7: 03 488 2055 | I7: melody_cher@yahoo.com.tw | K7: 5 | L7: 2 | M7: 小型 | N7: 4 | O7: 111.3 | P7: 182.51 | Q7: 14 | R7: 6 | S7: 340 | T7: 106 | U7: 文理類,外語類 | V7: 2025-12-24 | W7: 謝鳳璇 | X7: 歐馥瑄 | Y7: address | Z7: 立案頁 | AA7: 地圖 | AB7: 24.91729 | AC7: 121.14555
A8: 0–5 km | B8: 3.35 | C8: 莫比思美語楊梅分校 智瀚語文補習班 | D8: 私立智瀚語文短期補習班 | E8: 桃園市 | F8: 楊梅區 | G8: 桃園市楊梅區楊梅里大平街23號 | H8: 03 478 3105 | I8: april.chen1977@gmail.com | K8: 4.8 | L8: 4 | M8: 小型 | N8: 4 | O8: 88.19 | P8: 190.76 | Q8: 4 | R8: 4 | S8: 71 | T8: 46 | U8: 外語類 | V8: 2012-06-04 | W8: 陳宗婷 | X8: 陳宗婷 | Y8: address | Z8: 立案頁 | AA8: 地圖 | AB8: 24.910713 | AC8: 121.14667
A9: 0–5 km | B9: 3.37 | C9: 愛美語楊梅大同一校-漢峰語文文理補習班 | D9: 私立漢峰語文文理短期補習班 | E9: 桃園市 | F9: 楊梅區 | G9: 桃園市楊梅區楊梅里大平街62號 | H9: 03 475 0803 | I9: melody_cher@yahoo.com.tw | J9: 官網 | K9: 5 | L9: 21 | M9: 中型 | N9: 4 | O9: 58.42 | P9: 221.04 | Q9: 12 | R9: 8 | S9: 120 | T9: 56 | U9: 文理類,外語類 | V9: 2003-08-19 | W9: 謝鳳璇 | X9: 謝鳳璇 | Y9: address | Z9: 立案頁 | AA9: 地圖 | AB9: 24.910871 | AC9: 121.1464
A10: 0–5 km | B10: 3.48 | C10: 私立傑西美語短期補習班-楊梅兒童美語|推薦英文班|英文補習班|全美班|外師一對一|全民英檢課程|全科補習班|幼兒美語 | D10: 私立傑西魔法美語文理短期補習班 | E10: 桃園市 | F10: 楊梅區 | G10: 桃園市楊梅區楊梅里大模街33號57號 | H10: 03 478 0758 | I10: jessiemagicschool@gmail.com | J10: 官網 | K10: 4.9 | L10: 104 | M10: 中型 | N10: 5 | O10: 81.39 | P10: 143.94 | Q10: 14 | R10: 11 | S10: 176 | T10: 104 | U10: 外語類 | V10: 2002-10-11 | W10: 廖月華 | X10: 張秀蘭 | Y10: address | Z10: 立案頁 | AA10: 地圖 | AB10: 24.911836 | AC10: 121.14487
A11: 0–5 km | B11: 3.48 | C11: 政大聯合文理語文短期補習班 | D11: 私立傑兒文理短期補習班 | E11: 桃園市 | F11: 楊梅區 | G11: 桃園市楊梅區楊梅里大成路109號3F | H11: 0981 745 350 | I11: qaz62062009@gmail.com | K11: 1 | L11: 1 | M11: 小型 | N11: 4 | O11: 128.13 | P11: 185.33 | Q11: 5 | R11: 1 | S11: 118 | T11: 20 | U11: 文理類,外語類 | V11: 2009-06-23 | W11: 張瑞智 | X11: 張瑞智 | Y11: address | Z11: 立案頁 | AA11: 地圖 | AB11: 24.910428 | AC11: 121.14539
A12: 0–5 km | B12: 3.56 | C12: 喬立安美語Joanne’s Language Program | D12: 私立喬立安美語短期補習班 | E12: 桃園市 | F12: 楊梅區 | G12: 桃園市楊梅區楊江里大平街85號 | H12: 03 485 4477 | I12: angelahsieh@qq.com | J12: 官網 | K12: 4.6 | L12: 10 | M12: 小型 | N12: 1 | O12: 38.25 | P12: 120.5 | Q12: 2 | R12: 4 | S12: 68 | T12: 68 | U12: 外語類 | V12: 2008-06-04 | W12: 謝幼珍 | X12: 謝幼珍 | Y12: address | Z12: 立案頁 | AA12: 地圖 | AB12: 24.910933 | AC12: 121.1444
A13: 0–5 km | B13: 3.61 | C13: 空中美語兒童美語 佶林文理短期補習班 | D13: 私立佶林文理短期補習班 | E13: 桃園市 | F13: 楊梅區 | G13: 桃園市楊梅區楊江里大平街126號 | H13: 03 485 4778 | I13: m875205@yahoo.com.tw | K13: 4.4 | L13: 19 | M13: 小型 | N13: 3 | O13: 39.98 | P13: 107.7 | Q13: 12 | R13: 8 | S13: 122 | T13: 30 | U13: 外語類 | V13: 2004-05-25 | W13: 黃瓅靚 | X13: 黃瓅靚 | Y13: address | Z13: 立案頁 | AA13: 地圖 | AB13: 24.911095 | AC13: 121.14381
A14: 0–5 km | B14: 3.66 | C14: 凱思英語短期補習班 | D14: 私立凱思英語文理短期補習班 | E14: 桃園市 | F14: 楊梅區 | G14: 桃園市楊梅區永寧里永寧路一巷6號 | H14: 03 485 4650 | I14: ksenglish05@gmail.com | J14: 官網 | K14: 4.3 | L14: 24 | M14: 小型 | N14: 3 | O14: 31 | P14: 77.73 | Q14: 26 | R14: 10 | S14: 216 | T14: 75 | U14: 外語類 | V14: 2014-12-29 | W14: 王敏而 | X14: 明道增 | Y14: phone | Z14: 立案頁 | AA14: 地圖 | AB14: 24.903164 | AC14: 121.14711
A15: 0–5 km | B15: 3.68 | C15: 群勵文理美語補習班 | D15: 私立群勵文理美語短期補習班 | E15: 桃園市 | F15: 楊梅區 | G15: 桃園市楊梅區永寧里永寧路17巷2號 | H15: 03 488 0637 | K15: 5 | L15: 5 | M15: 小型 | N15: 2 | O15: 41.02 | P15: 72.75 | Q15: 5 | R15: 3 | S15: 72 | T15: 30 | U15: 文理類,外語類 | V15: 2007-01-08 | W15: 曾倩敏 | X15: 曾倩敏 | Y15: address | Z15: 立案頁 | AA15: 地圖 | AB15: 24.903122 | AC15: 121.14698
A16: 0–5 km | B16: 3.85 | C16: 喬登美語(祥安分校) | D16: 私立尼恩語文文理短期補習班 | E16: 桃園市 | F16: 平鎮區 | G16: 桃園市平鎮區湧安里湧安路44號 | H16: 03 419 2435 | I16: ange198100@yahoo.com.tw | J16: 官網 | K16: 4.8 | L16: 41 | M16: 小型 | N16: 2 | O16: 36.15 | P16: 109.63 | Q16: 12 | R16: 4 | S16: 186 | T16: 80 | U16: 文理類,外語類 | V16: 2013-05-15 | W16: 王錦慧 | X16: 張國樑 | Y16: phone | Z16: 立案頁 | AA16: 地圖 | AB16: 24.894544 | AC16: 121.20374
A17: 0–5 km | B17: 4.35 | C17: 佑育語文文理短期補習班 | E17: 桃園市 | F17: 楊梅區 | G17: 桃園市楊梅區新榮里富榮路15號2樓 | H17: 03 490 6733 | K17: 5 | L17: 2 | AA17: 地圖 | AB17: 24.956819 | AC17: 121.16269
A18: 0–5 km | B18: 4.39 | C18: 長頸鹿美語-平鎮文化分校 文化國小補習班推薦 課輔班 兒童美語 國小英文 國小美語 小一先修班 正音班 英檢班 | D18: 私立卓越大文理短期補習班 | E18: 桃園市 | F18: 平鎮區 | G18: 桃園市平鎮區復旦里文化街186號 | H18: 03 493 1210 | I18: jingjing1155@yahoo.com.tw | J18: 官網 | K18: 4.8 | L18: 25 | M18: 小型 | N18: 2 | O18: 30.04 | P18: 132.1 | Q18: 2 | R18: 1 | S18: 30 | U18: 文理類 | V18: 2009-07-06 | W18: 胡菁芬 | X18: 胡菁芬 | Y18: address | Z18: 立案頁 | AA18: 地圖 | AB18: 24.952596 | AC18: 121.20315
A19: 0–5 km | B19: 4.4 | C19: 雅典音樂語文短期補習班 | D19: 私立雅典音樂語文短期補習班 | E19: 桃園市 | F19: 平鎮區 | G19: 桃園市平鎮區復旦里文化街180號 | H19: 03 493 5080 | I19: yinyizu@yahoo.com.tw | K19: 1 | L19: 1 | M19: 大型 | N19: 9 | O19: 67.31 | P19: 115.54 | Q19: 9 | R19: 1 | S19: 270 | T19: 90 | U19: 外語類,音樂、舞蹈類 | V19: 2006-12-22 | W19: 鄞薏如 | X19: 鄞薏如 | Y19: address | Z19: 立案頁 | AA19: 地圖 | AB19: 24.952707 | AC19: 121.20313
A20: 0–5 km | B20: 4.41 | C20: 奧斯汀美語 微思分校 | D20: 私立微思文理短期補習班 | E20: 桃園市 | F20: 平鎮區 | G20: 桃園市平鎮區復旦里復旦路二段150巷271號 | H20: 03 494 0020 | I20: blli8216@yahoo.com.tw | J20: 官網 | K20: 5 | L20: 95 | M20: 小型 | N20: 4 | O20: 59.98 | P20: 138.34 | Q20: 12 | R20: 2 | S20: 148 | T20: 96 | U20: 文理類 | V20: 2025-04-30 | W20: 廖偉宏 | X20: 廖偉宏 | Y20: address | Z20: 立案頁 | AA20: 地圖 | AB20: 24.953066 | AC20: 121.20272
A21: 0–5 km | B21: 4.47 | C21: 奧斯汀美語中平分校(松勇校) | D21: 私立睿儀文理短期補習班 | E21: 桃園市 | F21: 中壢區 | G21: 桃園市中壢區過嶺里松勇路39號 | H21: 03 420 0817 | I21: shm7415@gmail.com | J21: 官網 | K21: 4.3 | L21: 29 | M21: 小型 | N21: 4 | O21: 70.62 | P21: 158.28 | Q21: 8 | R21: 7 | S21: 117 | T21: 74 | U21: 文理類,外語類 | V21: 2023-04-27 | W21: 許惠敏 | X21: 王奕翔 | Y21: address | Z21: 立案頁 | AA21: 地圖 | AB21: 24.959013 | AC21: 121.16653
A22: 0–5 km | B22: 4.53 | C22: 小學堂文教機構 | Live互動美語 | D22: 私立世一語文數學短期補習班 | E22: 桃園市 | F22: 平鎮區 | G22: 桃園市平鎮區復旦里文化街88號 | H22: 03 281 0128 | I22: julie_hmm@yahoo.com.tw | J22: 官網 | K22: 4.9 | L22: 121 | M22: 小型 | N22: 3 | O22: 44.88 | P22: 175.56 | Q22: 5 | R22: 1 | S22: 60 | T22: 24 | U22: 外語類,其他類 | V22: 2014-05-06 | W22: 黃美寧 | X22: 黃慶豊 | Y22: phone | Z22: 立案頁 | AA22: 地圖 | AB22: 24.95416 | AC22: 121.20301
A23: 0–5 km | B23: 4.54 | C23: 菲比斯英語 | D23: 私立菲比斯文理短期補習班 | E23: 桃園市 | F23: 中壢區 | G23: 桃園市中壢區過嶺里松德路125號 | H23: 03 420 5140 | I23: joanne750312@gmail.com | K23: 5 | L23: 6 | M23: 小型 | N23: 2 | O23: 42.47 | P23: 146.67 | Q23: 9 | R23: 2 | S23: 153 | T23: 68 | U23: 文理類 | V23: 2022-11-22 | W23: 鍾瑞敏 | X23: 黃俊偉 | Y23: address | Z23: 立案頁 | AA23: 地圖 | AB23: 24.960269 | AC23: 121.16897
A24: 0–5 km | B24: 4.56 | C24: 建如文理補習班、MPM數學、空中美語文化分校 | D24: 私立建如語文文理珠心算短期補習班 | E24: 桃園市 | F24: 平鎮區 | G24: 桃園市平鎮區復旦里文化街72號 | H24: 03 493 8800 | I24: cw.c224@msa.hinet.net | J24: 官網 | K24: 4.7 | L24: 16 | M24: 中型 | N24: 5 | O24: 119.22 | P24: 210.87 | Q24: 6 | R24: 6 | S24: 708 | T24: 118 | U24: 文理類,外語類 | V24: 2008-10-09 | W24: 張謙旺 | X24: 張謙旺 | Y24: address | Z24: 立案頁 | AA24: 地圖 | AB24: 24.954507 | AC24: 121.20301
A25: 0–5 km | B25: 4.57 | C25: 明子園幼兒園/課後班/安親班/文化國小安親/美語安親/ | E25: 桃園市 | F25: 平鎮區 | G25: 桃園市平鎮區復旦里文化街68巷6號 | H25: 03 494 5172 | K25: 4.4 | L25: 58 | AA25: 地圖 | AB25: 24.954797 | AC25: 121.20273
A26: 0–5 km | B26: 4.59 | C26: 大山美語文理補習班 | D26: 私立大山美語文理短期補習班 | E26: 桃園市 | F26: 平鎮區 | G26: 桃園市平鎮區北富里金陵路三段150巷2弄37-2號 | H26: 03 458 9120 | I26: a0920138250@gmail.com | K26: 3.8 | L26: 5 | M26: 小型 | N26: 4 | O26: 67.2 | P26: 180.97 | Q26: 4 | R26: 1 | S26: 52 | T26: 24 | U26: 文理類,外語類 | V26: 2008-09-28 | W26: 魏奕萱 | X26: 劉效謙 | Y26: phone | Z26: 立案頁 | AA26: 地圖 | AB26: 24.925142 | AC26: 121.22331
A27: 0–5 km | B27: 4.6 | C27: 小森林美語 | D27: 私立小森林美語短期補習班 | E27: 桃園市 | F27: 平鎮區 | G27: 桃園市平鎮區復興里文化街61號 | I27: sherrybennykammy71@gmail.com | K27: 4.5 | L27: 16 | M27: 中型 | N27: 4 | O27: 73.27 | P27: 239.62 | Q27: 4 | R27: 3 | S27: 76 | T27: 76 | U27: 外語類 | V27: 2002-10-24 | W27: 鍾木昌 | X27: 林佳慧 | Y27: name | Z27: 立案頁 | AA27: 地圖 | AB27: 24.954864 | AC27: 121.20313
A28: 0–5 km | B28: 4.62 | C28: 加大美語 | D28: 私立加大美語珠心算短期補習班 | E28: 桃園市 | F28: 平鎮區 | G28: 桃園市平鎮區復興里廣德街93號 | H28: 03 492 2061 | I28: chiata1688@gmail.com | K28: 3.5 | L28: 8 | M28: 小型 | N28: 3 | O28: 57.51 | P28: 104.26 | Q28: 3 | R28: 2 | S28: 45 | T28: 30 | U28: 外語類,商類：珠算、心算、會計 | V28: 2001-03-09 | W28: 黃儷仁 | X28: 黃儷仁 | Y28: address | Z28: 立案頁 | AA28: 地圖 | AB28: 24.953768 | AC28: 121.20523
A29: 0–5 km | B29: 4.75 | C29: 錢老師語文音樂文理短期補習班 | D29: 私立錢老師語文音樂文理短期補習班 | E29: 桃園市 | F29: 平鎮區 | G29: 桃園市平鎮區復興里復興街16號 | H29: 0912 252 612 | I29: s966928@gmail.com | K29: 4.8 | L29: 20 | M29: 小型 | N29: 4 | O29: 88.42 | P29: 178.97 | Q29: 4 | R29: 1 | S29: 72 | T29: 23 | U29: 文理類,外語類 | V29: 2014-11-18 | W29: 錢曉昱 | X29: 錢曉昱 | Y29: address | Z29: 立案頁 | AA29: 地圖 | AB29: 24.954612 | AC29: 121.20609
A30: 0–5 km | B30: 4.77 | C30: 葛洛莉英語-平鎮校Ping Jen(文化國小 復旦國小 平興國小)平鎮兒童美語 平鎮英文補習班 平鎮美語 國小英文 國中英文 小一新生 高中英文 | D30: 私立春華英語會話短期補習班 | E30: 桃園市 | F30: 平鎮區 | G30: 桃園市平鎮區環南路66巷17弄14衖26號 | H30: 03 494 8585 | I30: annachang1129@gmail.com | J30: 官網 | K30: 5 | L30: 757 | M30: 大型 | N30: 7 | O30: 147.25 | P30: 710.16 | Q30: 7 | R30: 21 | S30: 105 | T30: 105 | U30: 外語類 | V30: 2002-08-30 | W30: 張國俐 | X30: 廖俊傑 | Y30: address | Z30: 立案頁 | AA30: 地圖 | AB30: 24.955237 | AC30: 121.20546
A31: 0–5 km | B31: 4.98 | C31: 哥倫匹亞語文短期補習班 | D31: 私立龍科國際美語村文理短期補習班 | E31: 桃園市 | F31: 龍潭區 | G31: 桃園市龍潭區八德里梅龍路500號 | H31: 03 489 1225 | I31: mikechang@arthouses.com.tw | M31: 大型 | N31: 4 | O31: 147.84 | P31: 552.25 | Q31: 6 | R31: 1 | S31: 191 | T31: 92 | U31: 文理類,外語類 | V31: 2024-01-31 | W31: 張乃元 | X31: 張乃元 | Y31: address | Z31: 立案頁 | AA31: 地圖 | AB31: 24.877042 | AC31: 121.19122
A32: 0–5 km | B32: 4.98 | C32: 龍潭國際美語村 | D32: 私立龍科國際美語村文理短期補習班 | E32: 桃園市 | F32: 龍潭區 | G32: 桃園市龍潭區八德里梅龍路500號 | H32: 03 489 1225 | I32: mikechang@arthouses.com.tw | J32: 官網 | K32: 4.6 | L32: 8 | M32: 大型 | N32: 4 | O32: 147.84 | P32: 552.25 | Q32: 6 | R32: 1 | S32: 191 | T32: 92 | U32: 文理類,外語類 | V32: 2024-01-31 | W32: 張乃元 | X32: 張乃元 | Y32: address | Z32: 立案頁 | AA32: 地圖 | AB32: 24.877042 | AC32: 121.19122
A33: 5–10 km | B33: 5 | C33: 薇閣語文短期補習班 | D33: 私立薇閣語文短期補習班 | E33: 桃園市 | F33: 平鎮區 | G33: 桃園市平鎮區北興里金陵路二段360號 | H33: 03 457 0932 | I33: amilus326@gmail.com | K33: 3.6 | L33: 20 | M33: 小型 | N33: 3 | O33: 67.21 | P33: 120.61 | Q33: 3 | R33: 3 | S33: 84 | T33: 20 | U33: 外語類 | V33: 2010-12-21 | W33: 杜壹岳 | X33: 邱佩玲 | Y33: address | Z33: 立案頁 | AA33: 地圖 | AB33: 24.934987 | AC33: 121.22499
A34: 5–10 km | B34: 5.04 | C34: 吉的堡美語學校 | D34: 私立聖儒美語短期補習班 | E34: 桃園市 | F34: 平鎮區 | G34: 桃園市平鎮區北興里金陵路二段377-2號 | H34: 03 428 8883 | I34: deep322611@yahoo.com.tw | J34: 官網 | K34: 3.3 | L34: 7 | M34: 小型 | N34: 2 | O34: 47.52 | P34: 155.16 | Q34: 2 | R34: 5 | S34: 38 | T34: 38 | U34: 外語類 | V34: 2006-05-11 | W34: 徐毓惠 | X34: 徐毓惠 | Y34: address | Z34: 立案頁 | AA34: 地圖 | AB34: 24.935666 | AC34: 121.22517
A35: 5–10 km | B35: 5.51 | C35: 夏山美語 | D35: 私立夏山美語短期補習班 | E35: 桃園市 | F35: 龍潭區 | G35: 桃園市龍潭區百年里百年五街43號 | H35: 03 480 2263 | J35: 官網 | K35: 5 | L35: 3 | M35: 小型 | N35: 2 | O35: 41.06 | P35: 96.96 | Q35: 2 | R35: 1 | S35: 48 | T35: 48 | U35: 外語類 | V35: 2016-07-19 | W35: 范采綺 | X35: 范采綺 | Y35: address | Z35: 立案頁 | AA35: 地圖 | AB35: 24.88024 | AC35: 121.21032
A36: 5–10 km | B36: 5.51 | C36: 喬登美語(潛龍分校) | E36: 桃園市 | F36: 龍潭區 | G36: 桃園市龍潭區烏樹林里中豐路418之1號 | AA36: 地圖 | AB36: 24.881283 | AC36: 121.21193
A37: 5–10 km | B37: 5.81 | C37: 快樂園語文文理短期補習班 | D37: 私立快樂園語文文理短期補習班 | E37: 桃園市 | F37: 楊梅區 | G37: 桃園市楊梅區上田里楊新路四段37巷3弄19號 | H37: 03 288 9060 | I37: happy370319@gmail.com | J37: 官網 | K37: 5 | L37: 4 | M37: 小型 | N37: 4 | O37: 71.44 | P37: 153.88 | Q37: 4 | R37: 4 | S37: 58 | T37: 16 | U37: 文理類,外語類 | V37: 2010-09-16 | W37: 蘇少庠 | X37: 蘇少庠 | Y37: address | Z37: 立案頁 | AA37: 地圖 | AB37: 24.936586 | AC37: 121.12338
A38: 5–10 km | B38: 7.6 | C38: 吉的堡美語學校(中壢大崙分校) | E38: 桃園市 | F38: 中壢區 | G38: 桃園市中壢區內厝里中正路四段70號 | H38: 03 498 6090 | J38: 官網 | K38: 4.5 | L38: 8 | AA38: 地圖 | AB38: 24.988563 | AC38: 121.18099
A39: 5–10 km | B39: 7.6 | C39: 學匯語文文理數學補習班 大崙校 | D39: 私立學匯語文文理數學短期補習班大崙分班 | E39: 桃園市 | F39: 中壢區 | G39: 桃園市中壢區內厝里中正路四段66號 | H39: 03 408 0369 | I39: sharewe112010@yahoo.com.tw | J39: 官網 | K39: 4.8 | L39: 41 | M39: 中型 | N39: 4 | O39: 104.14 | P39: 214.14 | Q39: 10 | R39: 1 | S39: 219 | T39: 52 | U39: 文理類,外語類,其他類 | V39: 2021-09-01 | W39: 廖楷文 | X39: 廖麒文 | Y39: address | Z39: 立案頁 | AA39: 地圖 | AB39: 24.98856 | AC39: 121.18103
A40: 5–10 km | B40: 7.61 | C40: 奇飛美語珠算短期補習班 | D40: 私立祥耀文理短期補習班 | E40: 桃園市 | F40: 中壢區 | G40: 桃園市中壢區內厝里中正路四段85號2樓 | H40: 03 498 0101 | I40: a0916826998@gmail.com | M40: 小型 | N40: 2 | O40: 56.26 | P40: 151.38 | Q40: 16 | R40: 5 | S40: 368 | T40: 146 | U40: 文理類,外語類 | V40: 2023-04-27 | W40: 林玲瓏 | X40: 林鈴蓁 | Y40: phone | Z40: 立案頁 | AA40: 地圖 | AB40: 24.988681 | AC40: 121.18036
A41: 5–10 km | B41: 7.63 | C41: 長頸鹿美語大崙分校 | D41: 私立祥耀文理短期補習班 | E41: 桃園市 | F41: 中壢區 | G41: 桃園市中壢區內厝里中正路四段107號 | H41: 03 498 0101 | I41: a0916826998@gmail.com | J41: 官網 | K41: 4.9 | L41: 76 | M41: 小型 | N41: 2 | O41: 56.26 | P41: 151.38 | Q41: 16 | R41: 5 | S41: 368 | T41: 146 | U41: 文理類,外語類 | V41: 2023-04-27 | W41: 林玲瓏 | X41: 林鈴蓁 | Y41: address | Z41: 立案頁 | AA41: 地圖 | AB41: 24.988853 | AC41: 121.17996
A42: 5–10 km | B42: 7.65 | C42: 碩成常春藤英語大崙校 | D42: 私立碩成文理語文數學美術短期補習班 | E42: 桃園市 | F42: 中壢區 | G42: 桃園市中壢區中正路四段88巷8號 | H42: 03 498 4115 | I42: a0920231915@gmail.com | J42: 官網 | K42: 4 | L42: 21 | M42: 中型 | N42: 5 | O42: 136.79 | P42: 250.26 | Q42: 11 | R42: 14 | S42: 242 | T42: 83 | U42: 文理類,外語類,美術、書法、攝影、美工設計、圍棋類 | V42: 2019-06-26 | W42: 王順仁 | X42: 王順仁 | Y42: address | Z42: 立案頁 | AA42: 地圖 | AB42: 24.988987 | AC42: 121.18097
A43: 5–10 km | B43: 7.65 | C43: 挪亞美語作文短期補習班 | E43: 桃園市 | F43: 龍潭區 | G43: 桃園市龍潭區武漢里國聯街21號 | H43: 03 499 6048 | AA43: 地圖 | AB43: 24.872618 | AC43: 121.23291
A44: 5–10 km | B44: 7.75 | C44: 逸薇美語短期補習班 | D44: 私立逸薇美語短期補習班 | E44: 桃園市 | F44: 龍潭區 | G44: 桃園市龍潭區武漢里武漢路50號 | H44: 03 499 0697 | I44: h220378652@yahoo.com.tw | K44: 5 | L44: 1 | M44: 小型 | N44: 1 | O44: 35.45 | P44: 45.5 | Q44: 2 | R44: 1 | S44: 58 | T44: 58 | U44: 外語類 | V44: 2006-06-23 | W44: 潘芸菲 | X44: 游家偉 | Y44: address | Z44: 立案頁 | AA44: 地圖 | AB44: 24.872529 | AC44: 121.23413
A45: 5–10 km | B45: 7.84 | C45: 長頸鹿美語(武漢分校) | D45: 私立阿里巴巴美語短期補習班 | E45: 桃園市 | F45: 龍潭區 | G45: 桃園市龍潭區武漢里武漢路86號 | H45: 03 489 0689 | I45: lydia0958010300@gmail.com | K45: 3.9 | L45: 18 | M45: 小型 | N45: 4 | O45: 57.95 | P45: 147.25 | Q45: 4 | R45: 1 | S45: 120 | T45: 120 | U45: 外語類 | V45: 2004-09-07 | W45: 郝蓓生 | X45: 郝蓓生 | Y45: address | Z45: 立案頁 | AA45: 地圖 | AB45: 24.871602 | AC45: 121.2344
A46: 5–10 km | B46: 7.94 | C46: 艾立笙文理語文短期補習班 | D46: 私立艾立笙文理語文短期補習班 | E46: 桃園市 | F46: 龍潭區 | G46: 桃園市龍潭區中正里龍華路365號 | H46: 03 409 0901 | I46: lue0922880612@gmail.com | K46: 1 | L46: 1 | M46: 中型 | N46: 4 | O46: 82.77 | P46: 281.72 | Q46: 4 | R46: 1 | S46: 70 | T46: 15 | U46: 文理類,外語類 | V46: 2007-05-10 | W46: 呂梅台 | X46: 呂梅台 | Y46: address | Z46: 立案頁 | AA46: 地圖 | AB46: 24.858466 | AC46: 121.21761
A47: 5–10 km | B47: 8.52 | C47: 王莉美語安親中心 | E47: 桃園市 | F47: 楊梅區 | G47: 桃園市楊梅區 | K47: 3.8 | L47: 4 | AA47: 地圖 | AB47: 24.899959 | AC47: 121.09666
A48: 5–10 km | B48: 8.67 | C48: 冠球語文珠算短期補習班 | D48: 私立冠球語文珠算短期補習班 | E48: 桃園市 | F48: 中壢區 | G48: 桃園市中壢區仁愛里榮民南路224號 | H48: 03 466 8629 | I48: fjjot215038@yahoo.com.tw | K48: 5 | L48: 2 | M48: 小型 | N48: 3 | O48: 64.34 | P48: 123.16 | Q48: 4 | R48: 1 | S48: 64 | T48: 37 | U48: 外語類,商類：珠算、心算、會計 | V48: 2014-07-21 | W48: 楊優華 | X48: 李冠瑩 | Y48: address | Z48: 立案頁 | AA48: 地圖 | AB48: 24.952494 | AC48: 121.2564
A49: 5–10 km | B49: 8.93 | C49: 科林外語 | E49: 桃園市 | F49: 中壢區 | G49: 桃園市中壢區華愛里榮民南路83號 | AA49: 地圖 | AB49: 24.954993 | AC49: 121.25796
A50: 5–10 km | B50: 9.28 | C50: 邱老師美語短期補習班 | D50: 私立邱老師美語短期補習班 | E50: 桃園市 | F50: 新屋區 | G50: 桃園市新屋區新屋里新興街11號 | H50: 0926 941 955 | I50: q4queen@yahoo.com.tw | K50: 5 | L50: 4 | M50: 小型 | N50: 1 | O50: 37.87 | P50: 68.82 | Q50: 1 | R50: 1 | S50: 14 | T50: 14 | U50: 外語類 | V50: 2007-04-26 | W50: 邱慧珍 | X50: 邱慧珍 | Y50: address | Z50: 立案頁 | AA50: 地圖 | AB50: 24.972263 | AC50: 121.10619
A51: 5–10 km | B51: 9.43 | C51: 小學堂美語短期補習班 | D51: 私立小學堂美語短期補習班 | E51: 桃園市 | F51: 新屋區 | G51: 桃園市新屋區新屋里中正一街26巷7號 | H51: 03 477 1886 | I51: sam687628@gmail.com | K51: 5 | L51: 1 | M51: 小型 | N51: 4 | O51: 72.64 | P51: 155.93 | Q51: 4 | R51: 2 | S51: 58 | T51: 58 | U51: 外語類 | V51: 2008-11-10 | W51: 林麗庭 | X51: 曾銘頡 | Y51: address | Z51: 立案頁 | AA51: 地圖 | AB51: 24.973878 | AC51: 121.10573
A52: 5–10 km | B52: 9.45 | C52: 維吉尼亞文理語文短期補習班 | E52: 桃園市 | F52: 楊梅區 | G52: 桃園市楊梅區豐野里民富路三段924巷7號 | H52: 03 472 7887 | AA52: 地圖 | AB52: 24.93534 | AC52: 121.08592
A53: 5–10 km | B53: 9.54 | C53: 威齊語文短期補習班 | D53: 私立威齊語文短期補習班 | E53: 桃園市 | F53: 新屋區 | G53: 桃園市新屋區新生里新生五街8號2樓 | H53: 03 477 9789 | I53: wikimsn@yahoo.com.tw | M53: 小型 | N53: 2 | O53: 37.68 | P53: 126.96 | Q53: 2 | R53: 3 | S53: 30 | T53: 15 | U53: 外語類 | V53: 2011-11-02 | W53: 黃錦增 | X53: 廖胤琳 | Y53: address | Z53: 立案頁 | AA53: 地圖 | AB53: 24.974523 | AC53: 121.10485
A54: 5–10 km | B54: 9.89 | C54: 青宏美語珠心算短期補習班 | D54: 私立青宏美語珠心算短期補習班 | E54: 桃園市 | F54: 大溪區 | G54: 桃園市大溪區三元里三元三街14號 | H54: 03 390 9931 | I54: osborn.live8@gmail.com | M54: 小型 | N54: 2 | O54: 40.78 | P54: 111.48 | Q54: 4 | R54: 2 | S54: 64 | T54: 32 | U54: 外語類,商類：珠算、心算、會計 | V54: 2002-08-27 | W54: 黎萬賢 | X54: 徐依筳 | Y54: address | Z54: 立案頁 | AA54: 地圖 | AB54: 24.882619 | AC54: 121.26701
A55: 5–10 km | B55: 9.89 | C55: 馬林魚美語文理短期補習班 | D55: 私立馬林魚美語文理短期補習班 | E55: 桃園市 | F55: 楊梅區 | G55: 桃園市楊梅區豐野里信義街231號 | H55: 03 472 1249 | I55: marlins231@gmail.com | J55: 官網 | K55: 3.7 | L55: 3 | M55: 小型 | N55: 1 | O55: 44.78 | P55: 104.53 | Q55: 2 | R55: 2 | S55: 80 | T55: 40 | U55: 文理類,外語類 | V55: 2008-04-28 | W55: 李明翰 | X55: 李明翰 | Y55: address | Z55: 立案頁 | AA55: 地圖 | AB55: 24.936887 | AC55: 121.08174
A56: 10–15 km | B56: 10.06 | C56: 茗雅文理美語短期補習班 | E56: 桃園市 | F56: 大溪區 | G56: 桃園市大溪區光明里三元一街31號 | H56: 03 389 2327 | AA56: 地圖 | AB56: 24.884108 | AC56: 121.26961
A57: 10–15 km | B57: 10.1 | C57: 文佑語文文理數學短期補習班 | D57: 私立文佑語文文理數學短期補習班 | E57: 桃園市 | F57: 大溪區 | G57: 桃園市大溪區光明里三元一街49號 | H57: 03 390 9559 | I57: susan75117@yahoo.com.tw | K57: 5 | L57: 2 | M57: 中型 | N57: 6 | O57: 87.56 | P57: 169.5 | Q57: 7 | R57: 4 | S57: 103 | T57: 31 | U57: 文理類,外語類 | V57: 2001-03-13 | W57: 金素芬 | X57: 金素芬 | Y57: address | Z57: 立案頁 | AA57: 地圖 | AB57: 24.884022 | AC57: 121.26999
A58: 10–15 km | B58: 10.23 | C58: Live互動美語中壢青埔加盟校/同學家(翻轉課後) | D58: 私立同學家文理短期補習班 | E58: 桃園市 | F58: 中壢區 | G58: 桃園市中壢區青埔里青商路56號1樓 | H58: 03 287 8978 | I58: vicky2553@gmail.com | J58: 官網 | M58: 小型 | N58: 2 | O58: 52.21 | P58: 119.46 | Q58: 8 | R58: 3 | S58: 172 | T58: 84 | U58: 文理類,外語類 | V58: 2022-12-23 | W58: 陳建豪 | X58: 王泰杰 | Y58: address | Z58: 立案頁 | AA58: 地圖 | AB58: 25.005275 | AC58: 121.21689
A59: 10–15 km | B59: 10.29 | C59: 夏恩英語桃園大溪分校 | D59: 私立瑞淇語文短期補習班 | E59: 桃園市 | F59: 大溪區 | G59: 號 No, No. 142仁善三街仁善里大溪區桃園市335 | H59: 03 390 0868 | I59: Rachel.eagle102@gmail.com | J59: 官網 | K59: 5 | L59: 63 | M59: 小型 | N59: 3 | O59: 44.6 | P59: 124.61 | Q59: 3 | R59: 3 | S59: 36 | T59: 12 | U59: 外語類 | V59: 2013-08-07 | W59: 吳紀緯 | X59: 繆知岑 | Y59: phone | Z59: 立案頁 | AA59: 地圖 | AB59: 24.907762 | AC59: 121.27925
A60: 10–15 km | B60: 10.49 | C60: 奧斯汀美語桃園八德分校 | D60: 私立星點子文理技藝短期補習班 | E60: 桃園市 | F60: 八德區 | G60: 桃園市八德區中正路178號1樓 | H60: 03 368 2584 | I60: staroy0401@gmail.com | J60: 官網 | K60: 4.7 | L60: 3 | M60: 小型 | N60: 3 | O60: 49.36 | P60: 82.63 | Q60: 15 | R60: 3 | S60: 199 | T60: 56 | U60: 文理類,美術、書法、攝影、美工設計、圍棋類 | V60: 2025-11-05 | W60: 朱裕昌 | X60: 楊玉媚 | Y60: address | Z60: 立案頁 | AA60: 地圖 | AB60: 24.927468 | AC60: 121.28189
A61: 10–15 km | B61: 10.55 | C61: 日進文理語文短期補習班 | E61: 桃園市 | F61: 龍潭區 | G61: 桃園市龍潭區建林里民族路216巷16弄3號 | H61: 03 470 4629 | AA61: 地圖 | AB61: 24.84052 | AC61: 121.23478
A62: 10–15 km | B62: 10.58 | C62: 耕心幼兒園 【愛美語 仁善分校】安親班、美語班、補習班、正音班 | D62: 私立立騰文理語文短期補習班 | E62: 桃園市 | F62: 大溪區 | G62: 桃園市大溪區仁善里仁德七街35號 | H62: 03 380 7073 | I62: van1030.tw@yahoo.com.tw | J62: 官網 | K62: 5 | L62: 4 | M62: 大型 | N62: 4 | O62: 275.22 | P62: 955.32 | Q62: 4 | R62: 2 | S62: 40 | T62: 20 | U62: 文理類,外語類 | V62: 2006-11-30 | W62: 呂明麗 | X62: 賴宜慎 | Y62: address | Z62: 立案頁 | AA62: 地圖 | AB62: 24.914551 | AC62: 121.28289
A63: 10–15 km | B63: 10.62 | C63: 愛丁堡語文短期補習班 | D63: 私立愛丁堡語文短期補習班 | E63: 桃園市 | F63: 龍潭區 | G63: 桃園市龍潭區建林里民族路294巷29號 | H63: 0952 811 303 | I63: info@englishland.org | K63: 5 | L63: 3 | M63: 中型 | N63: 5 | O63: 98.92 | P63: 343.51 | Q63: 12 | R63: 1 | S63: 240 | T63: 240 | U63: 外語類 | V63: 1999-03-16 | W63: 吳莊暉 | X63: 吳莊暉 | Y63: name | Z63: 立案頁 | AA63: 地圖 | AB63: 24.839088 | AC63: 121.23359
A64: 10–15 km | B64: 10.63 | C64: 佳音英語桃德校 | D64: 私立森日語文文理短期補習班 | E64: 桃園市 | F64: 八德區 | G64: 桃園市八德區興中里中興街14號 | H64: 03 368 0022 | I64: tw0983276700@gmail.com | J64: 官網 | K64: 5 | L64: 7 | M64: 中型 | N64: 5 | O64: 86.32 | P64: 160.5 | Q64: 16 | R64: 3 | S64: 252 | T64: 252 | U64: 文理類,外語類 | V64: 2025-11-06 | W64: 林志杰 | X64: 葉柏萱 | Y64: address | Z64: 立案頁 | AA64: 地圖 | AB64: 24.926981 | AC64: 121.28328
A65: 10–15 km | B65: 10.7 | C65: 得分文理語文短期補習班 | D65: 私立得分文理語文短期補習班 | E65: 桃園市 | F65: 龍潭區 | G65: 桃園市龍潭區三林里民族路265號 | H65: 03 480 1553 | I65: luhejing@ms96.url.com.tw | K65: 3.7 | L65: 3 | M65: 小型 | N65: 3 | O65: 47.39 | P65: 114.68 | Q65: 5 | R65: 5 | S65: 105 | T65: 12 | U65: 文理類,外語類 | V65: 2008-12-17 | W65: 紀志融 | X65: 董涵如 | Y65: address | Z65: 立案頁 | AA65: 地圖 | AB65: 24.839099 | AC65: 121.23514
A66: 10–15 km | B66: 10.79 | C66: 競升文理美語短期補習班 | E66: 桃園市 | F66: 龍潭區 | G66: 桃園市龍潭區三林里民族路293巷16弄5號 | H66: 03 499 3535 | AA66: 地圖 | AB66: 24.838512 | AC66: 121.23579
A67: 10–15 km | B67: 10.99 | C67: 康大電腦文理美語短期補習班 | D67: 私立康大電腦文理美語短期補習班 | E67: 桃園市 | F67: 觀音區 | G67: 桃園市觀音區大同里中山路二段763巷23弄5號 | H67: 03 498 9619 | I67: kda@kda.tw | M67: 中型 | N67: 1 | O67: 35.02 | P67: 260.01 | Q67: 4 | R67: 1 | S67: 96 | T67: 24 | U67: 文理類,外語類,資訊類 | V67: 1997-04-30 | W67: 張世慈 | X67: 張士蓮 | Y67: name | Z67: 立案頁 | AA67: 地圖 | AB67: 25.012274 | AC67: 121.13826
A68: 10–15 km | B68: 11.4 | C68: 布萊登文理補習班-Live互動美語新坡校（MPM數學） | D68: 私立布萊登文理短期補習班 | E68: 桃園市 | F68: 觀音區 | G68: 桃園市觀音區新坡里中山路二段522號 | H68: 03 498 0741 | I68: kyle19970420@gmail.com | J68: 官網 | K68: 5 | L68: 66 | M68: 中型 | N68: 5 | O68: 151.04 | P68: 264.21 | Q68: 10 | R68: 3 | S68: 240 | T68: 148 | U68: 文理類,外語類 | V68: 2023-02-13 | W68: 黃嵐亞 | X68: 林昀皜 | Y68: address | Z68: 立案頁 | AA68: 地圖 | AB68: 25.014357 | AC68: 121.13313
A69: 10–15 km | B69: 11.43 | C69: 澧森美語Listen To Me | D69: 私立澧森文理短期補習班 | E69: 桃園市 | F69: 大園區 | G69: 桃園市大園區青山里領航北路三段223號2樓 | H69: 03 287 0170 | I69: emily781021@gmail.com | J69: 官網 | K69: 4.6 | L69: 10 | M69: 大型 | N69: 11 | O69: 201.18 | P69: 317.18 | Q69: 40 | R69: 12 | S69: 600 | T69: 256 | U69: 文理類,外語類 | V69: 2023-04-25 | W69: 黃悅紅 | X69: 黃悅紅 | Y69: address | Z69: 立案頁 | AA69: 地圖 | AB69: 25.01809 | AC69: 121.21296
A70: 10–15 km | B70: 11.47 | C70: 大英美語文理補習班 | E70: 桃園市 | F70: 觀音區 | G70: 桃園市觀音區新坡里文中路66號 | H70: 03 498 7622 | K70: 5 | L70: 1 | AA70: 地圖 | AB70: 25.01557 | AC70: 121.13456
A71: 10–15 km | B71: 11.49 | C71: 語捷語文短期補習班 | E71: 桃園市 | F71: 觀音區 | G71: 桃園市觀音區新坡里中山路二段470號 | H71: 03 498 6819 | K71: 5 | L71: 1 | AA71: 地圖 | AB71: 25.01479 | AC71: 121.1322
A72: 10–15 km | B72: 11.63 | C72: 私立美亞美語短期補習班 | D72: 私立美亞美語短期補習班 | E72: 桃園市 | F72: 大溪區 | G72: 桃園市大溪區興和里中正路45號 | H72: 03 388 0891 | I72: mayyaenglishschool@yahoo.com.tw | K72: 3.7 | L72: 13 | M72: 小型 | N72: 2 | O72: 30 | P72: 70 | Q72: 4 | R72: 5 | S72: 68 | T72: 68 | U72: 外語類 | V72: 2000-09-28 | W72: 簡雅惠 | X72: 江衍君 | Y72: address | Z72: 立案頁 | AA72: 地圖 | AB72: 24.883032 | AC72: 121.28594
A73: 10–15 km | B73: 11.69 | C73: 私立成龍語文短期補習班 | E73: 桃園市 | F73: 大溪區 | G73: 桃園市大溪區福仁里登龍路20巷2號1樓 | H73: 03 387 9867 | AA73: 地圖 | AB73: 24.883543 | AC73: 121.28677
A74: 10–15 km | B74: 11.77 | C74: 麋爾頓美語 Miltonkids Academy 兒童美語↗幼兒美語↗美語學習↗ | D74: 私立麋爾頓文理技藝短期補習班 | E74: 桃園市 | F74: 大園區 | G74: 桃園市大園區青峰里大勇路26號 | H74: 03 287 8335 | I74: miltonkids2022@gmail.com | J74: 官網 | K74: 5 | L74: 5 | M74: 小型 | N74: 4 | O74: 50.45 | P74: 148.7 | Q74: 14 | R74: 3 | S74: 135 | T74: 72 | U74: 文理類,外語類,資訊類 | V74: 2024-06-27 | W74: 李亭慧 | X74: 李亭慧 | Y74: address | Z74: 立案頁 | AA74: 地圖 | AB74: 25.019617 | AC74: 121.21844
A75: 10–15 km | B75: 11.78 | C75: Warmhood 暖夥英語 | D75: 逗點國際教育事業股份有限公司附設私立逗點文理短期補習班展翅分班 | E75: 桃園市 | F75: 大園區 | G75: 桃園市大園區青埔里大勇路31號 | I75: wish124574318@gmail.com | J75: 官網 | K75: 5 | L75: 6 | M75: 中型 | N75: 6 | O75: 178.22 | P75: 337.7 | Q75: 15 | R75: 2 | S75: 364 | T75: 96 | U75: 文理類,外語類 | V75: 2023-02-10 | W75: 徐暘智 | X75: 黃偉婷 | Y75: address | Z75: 立案頁 | AA75: 地圖 | AB75: 25.019615 | AC75: 121.21877
A76: 10–15 km | B76: 11.79 | C76: 【逗點教室-青園展翅校】青園國小安親班/青埔補習班/資優數學/自然科學實驗/兒童美語 | D76: 逗點國際教育事業股份有限公司附設私立逗點文理短期補習班展翅分班 | E76: 桃園市 | F76: 大園區 | G76: 桃園市大園區青峰里大勇路33號 | H76: 03 287 3931 | I76: wish124574318@gmail.com | J76: 官網 | K76: 5 | L76: 153 | M76: 中型 | N76: 6 | O76: 178.22 | P76: 337.7 | Q76: 15 | R76: 2 | S76: 364 | T76: 96 | U76: 文理類,外語類 | V76: 2023-02-10 | W76: 徐暘智 | X76: 黃偉婷 | Y76: address | Z76: 立案頁 | AA76: 地圖 | AB76: 25.019582 | AC76: 121.21901
A77: 10–15 km | B77: 11.85 | C77: 奧斯汀美語 桃園龍山分校 | D77: 私立煦恩文理短期補習班 | E77: 桃園市 | F77: 桃園區 | G77: 桃園市桃園區龍壽里龍泉六街22號1樓 | H77: 03 370 9247 | I77: austinlongshanlife@gmail.com | J77: 官網 | K77: 5 | L77: 16 | M77: 中型 | N77: 2 | O77: 48.04 | P77: 249.66 | Q77: 11 | R77: 3 | S77: 227 | T77: 100 | U77: 文理類,外語類 | V77: 2026-06-02 | W77: 黃鈺婷 | X77: 黃鈺婷 | Y77: address | Z77: 立案頁 | AA77: 地圖 | AB77: 24.983911 | AC77: 121.27248
A78: 10–15 km | B78: 11.9 | C78: 青埔【個別指導】補習班❤️安親.美語.鋼琴.數學.多益.甲蟲飼育.程式語言.AI機器人.APCS大學程式設計.動力積木.國中會考.高中學測.國文.英文.數學.物理.化學.生物.地球科學.社會.自學生升學輔導.親子共學.育林文化 | D78: 私立希言文理短期補習班 | E78: 桃園市 | F78: 大園區 | G78: 桃園市大園區大華一街28號 | H78: 0900 187 246 | I78: lee8810@gmail.com | J78: 官網 | K78: 5 | L78: 62 | M78: 小型 | N78: 3 | O78: 49.44 | P78: 148.7 | Q78: 20 | R78: 2 | S78: 286 | T78: 86 | U78: 文理類,外語類 | V78: 2025-03-19 | W78: 李育林 | X78: 李育林 | Y78: address | Z78: 立案頁 | AA78: 地圖 | AB78: 25.020563 | AC78: 121.21943
A79: 10–15 km | B79: 11.94 | C79: Red Rock English 紅石美語-大園/中壢/青埔|青園國小/青埔國小/兒童美語|外師英文|幼兒美語|美語補習班|課後英文|國小英文|國小美語|國小安親 | D79: 私立紅石美語文理短期補習班 | E79: 桃園市 | F79: 大園區 | G79: 桃園市大園區青峰里大成路二段39號 | H79: 03 287 7727 | I79: redrockenglish.jerrylin@gmail.com | J79: 官網 | K79: 5 | L79: 11 | M79: 小型 | N79: 3 | O79: 75 | P79: 180.31 | Q79: 18 | R79: 3 | S79: 366 | T79: 144 | U79: 文理類,外語類 | V79: 2025-11-10 | W79: 林宇晨 | X79: 林宇晨 | Y79: address | Z79: 立案頁 | AA79: 地圖 | AB79: 25.020519 | AC79: 121.22048
A80: 10–15 km | B80: 12.21 | C80: 私立育英文理短期補習班 | D80: 私立育英文理短期補習班 | E80: 桃園市 | F80: 大溪區 | G80: 桃園市大溪區田心里民權東路93號 | H80: 03 387 1549 | I80: ydmkininm1209@gmail.com | K80: 3.3 | L80: 12 | M80: 小型 | N80: 1 | O80: 33.8 | P80: 180.81 | Q80: 2 | R80: 1 | S80: 36 | U80: 文理類 | V80: 1996-04-05 | W80: 彭欣誼 | X80: 彭欣誼 | Y80: address | Z80: 立案頁 | AA80: 地圖 | AB80: 24.882209 | AC80: 121.29166
A81: 10–15 km | B81: 12.29 | C81: 學子語文文理短期補習班 | E81: 桃園市 | F81: 大溪區 | G81: 桃園市大溪區一心里文化路161號 | H81: 03 387 3139 | AA81: 地圖 | AB81: 24.877785 | AC81: 121.29063
A82: 10–15 km | B82: 12.39 | C82: 私立小熊文理語文珠心算數學短期補習班 | D82: 私立小熊文理語文珠心算數學短期補習班 | E82: 桃園市 | F82: 大溪區 | G82: 桃園市大溪區文化路81號1F | H82: 03 387 2097 | I82: BlackHsiao@me.com | J82: 官網 | M82: 小型 | N82: 2 | O82: 43.8 | P82: 110.67 | Q82: 10 | R82: 3 | S82: 181 | T82: 15 | U82: 商類：珠算、心算、會計,其他類 | V82: 2001-11-06 | W82: 蕭宇廷 | X82: 蕭宇廷 | Y82: address | Z82: 立案頁 | AA82: 地圖 | AB82: 24.881392 | AC82: 121.29331
A83: 10–15 km | B83: 12.45 | C83: 喬登美語 | E83: 桃園市 | F83: 蘆竹區 | G83: 桃園市蘆竹區新興里文中路一段19巷36號 | H83: 080 003 7789 | K83: 3 | L83: 2 | AA83: 地圖 | AB83: 24.991329 | AC83: 121.27359
A84: 10–15 km | B84: 12.58 | C84: 私立兒童星球美語短期補習班 | E84: 桃園市 | F84: 桃園區 | G84: 桃園市桃園區龍安里國豐十街258號 | H84: 03 360 0292 | K84: 4.3 | L84: 6 | AA84: 地圖 | AB84: 24.991785 | AC84: 121.27484
A85: 10–15 km | B85: 12.58 | C85: 喬登美語(大成分校) | D85: 私立維一語文文理短期補習班 | E85: 桃園市 | F85: 八德區 | G85: 桃園市八德區大成里福僑街39號 | H85: 03 371 4237 | I85: wei.yi624@msa.hinet.net | K85: 4.5 | L85: 11 | M85: 小型 | N85: 2 | O85: 65.94 | P85: 171.56 | Q85: 4 | R85: 2 | S85: 108 | T85: 54 | U85: 文理類,外語類 | V85: 2011-07-18 | W85: 鄭銀福 | X85: 鄭銀福 | Y85: address | Z85: 立案頁 | AA85: 地圖 | AB85: 24.958542 | AC85: 121.2956
A86: 10–15 km | B86: 12.59 | C86: 夏恩英語 桃園大成校 | E86: 桃園市 | F86: 八德區 | G86: 桃園市八德區大和里建國路1110號 | H86: 03 363 7598 | K86: 5 | L86: 8 | AA86: 地圖 | AB86: 24.956699 | AC86: 121.29641
A87: 10–15 km | B87: 12.62 | C87: 桃園市私立艾普樂斯英語補習班 | D87: 私立艾普樂斯英語短期補習班 | E87: 桃園市 | F87: 八德區 | G87: 桃園市八德區大成里大成街61號 號 | H87: 03 363 6276 | I87: aplus033636276@yahoo.com.tw | M87: 小型 | N87: 3 | O87: 37.18 | P87: 87.69 | Q87: 3 | R87: 1 | S87: 30 | T87: 30 | U87: 外語類 | V87: 2004-11-26 | W87: 張愛琳 | X87: 張愛琳 | Y87: address | Z87: 立案頁 | AA87: 地圖 | AB87: 24.957714 | AC87: 121.29626
A88: 10–15 km | B88: 12.63 | C88: Live互動美語桃園龍安分校（龍安甲子） | D88: 私立龍安甲子文理短期補習班 | E88: 桃園市 | F88: 桃園區 | G88: 桃園市桃園區龍安里國強十三街104號 | H88: 03 370 9123 | I88: laserpda@gmail.com | J88: 官網 | K88: 5 | L88: 13 | M88: 小型 | N88: 2 | O88: 39.52 | P88: 101.47 | Q88: 12 | R88: 1 | S88: 182 | T88: 122 | U88: 文理類 | V88: 2025-01-06 | W88: 劉湘鈴 | X88: 劉湘鈴 | Y88: address | Z88: 立案頁 | AA88: 地圖 | AB88: 24.992203 | AC88: 121.27508
A89: 10–15 km | B89: 12.63 | C89: 經典補習班-大成分校國小部(徐薇英文)-大成國小補習班/八德數學班/八德兒童美語/八德作文班/八德安親班 | D89: 私立經典文理美語短期補習班 | E89: 桃園市 | F89: 八德區 | G89: 桃園市八德區大成里大成街67號 | H89: 03 376 1116 | I89: long168hair@gmail.com | J89: 官網 | K89: 4.6 | L89: 91 | M89: 中型 | N89: 5 | O89: 116.28 | P89: 256.94 | Q89: 5 | R89: 5 | S89: 93 | T89: 93 | U89: 文理類,外語類 | V89: 2005-01-31 | W89: 簡志銘 | X89: 簡志銘 | Y89: address | Z89: 立案頁 | AA89: 地圖 | AB89: 24.957756 | AC89: 121.29637
A90: 10–15 km | B90: 12.65 | C90: 承信短期美語補習班 | E90: 桃園市 | F90: 八德區 | G90: 桃園市八德區 | AA90: 地圖 | AB90: 24.956805 | AC90: 121.29698
A91: 10–15 km | B91: 12.72 | C91: 佳祥文理短期補習班(中興國中 永豐國中 桃園國中)桃園國一先修 英文 數學 會考補習班 全科班 高一數學班 | D91: 私立佳祥文理短期補習班 | E91: 桃園市 | F91: 桃園區 | G91: 桃園市桃園區龍鳳里國豐三街13號5樓 | H91: 03 379 5379 | I91: peiwenlee0807@hotmail..com | J91: 官網 | K91: 5 | L91: 63 | M91: 小型 | N91: 4 | O91: 85.44 | P91: 141.85 | Q91: 4 | R91: 6 | S91: 70 | T91: 17 | U91: 文理類 | V91: 2010-10-28 | W91: 李佩紋 | X91: 李佩紋 | Y91: phone | Z91: 立案頁 | AA91: 地圖 | AB91: 24.988014 | AC91: 121.27981
A92: 10–15 km | B92: 12.85 | C92: 私立柏林語文文理短期補習班 | D92: 私立柏林語文文理短期補習班 | E92: 桃園市 | F92: 桃園區 | G92: 桃園市桃園區龍鳳里龍安街119號2 樓 | H92: 03 378 6458 | I92: bolinei@outlook.com | K92: 3 | L92: 2 | M92: 中型 | N92: 6 | O92: 174.32 | P92: 282.67 | Q92: 6 | R92: 4 | S92: 136 | T92: 48 | U92: 文理類,外語類 | V92: 2009-11-16 | W92: 吳秉澤 | X92: 吳秉澤 | Y92: address | Z92: 立案頁 | AA92: 地圖 | AB92: 24.99002 | AC92: 121.27973
A93: 10–15 km | B93: 12.85 | C93: 吉的堡美語 | D93: 私立立人文理短期補習班大成分班 | E93: 桃園市 | F93: 八德區 | G93: 桃園市八德區大和里介壽路二段34號2樓 | I93: kaikai721021@gmail.com | K93: 2 | L93: 4 | M93: 大型 | N93: 4 | O93: 281.81 | P93: 409.84 | Q93: 4 | R93: 2 | S93: 200 | T93: 108 | U93: 文理類,外語類 | V93: 2005-03-23 | W93: 曾旻愷 | X93: 孫家皓 | Y93: address | Z93: 立案頁 | AA93: 地圖 | AB93: 24.957109 | AC93: 121.29892
A94: 10–15 km | B94: 12.85 | C94: 私立立天文理美語短期補習班 | D94: 私立立人文理短期補習班大成分班 | E94: 桃園市 | F94: 八德區 | G94: 桃園市八德區大和里介壽路二段34號 | H94: 03 371 1000 | I94: kaikai721021@gmail.com | K94: 1 | L94: 1 | M94: 大型 | N94: 4 | O94: 281.81 | P94: 409.84 | Q94: 4 | R94: 2 | S94: 200 | T94: 108 | U94: 文理類,外語類 | V94: 2005-03-23 | W94: 曾旻愷 | X94: 孫家皓 | Y94: address | Z94: 立案頁 | AA94: 地圖 | AB94: 24.956937 | AC94: 121.29898
A95: 10–15 km | B95: 12.99 | C95: 奧斯汀美語桃園大湳二校 | D95: 私立葛萊文理短期補習班八德分班 | E95: 桃園市 | F95: 八德區 | G95: 桃園市八德區大忠里介壽路一段985號 | H95: 03 361 0885 | I95: today7624@gmail.com | K95: 5 | L95: 4 | M95: 中型 | N95: 5 | O95: 142.28 | P95: 285.11 | Q95: 10 | R95: 3 | S95: 255 | T95: 186 | U95: 文理類,外語類 | V95: 2023-07-21 | W95: 蘇哲平 | X95: 葉嘉茹 | Y95: address | Z95: 立案頁 | AA95: 地圖 | AB95: 24.958772 | AC95: 121.29973
A96: 10–15 km | B96: 13.15 | C96: 冠軒美語數學作文短期補習班（龍安分校） | D96: 私立冠軒美語數學作文短期補習班 | E96: 桃園市 | F96: 桃園區 | G96: 桃園市桃園區龍岡里上海路117號 | H96: 03 370 4558 | I96: ty93650989@gmail.com | K96: 4.9 | L96: 13 | M96: 中型 | N96: 4 | O96: 99 | P96: 235.81 | Q96: 4 | R96: 2 | S96: 60 | T96: 15 | U96: 外語類,商類：珠算、心算、會計 | V96: 2010-02-01 | W96: 詹珺羽 | X96: 吳孟珈 | Y96: address | Z96: 立案頁 | AA96: 地圖 | AB96: 24.99152 | AC96: 121.28225
A97: 10–15 km | B97: 13.23 | C97: 冠昱補習班 （湖口國高中補習班）《國中全科班》1對1家教班｜全民英檢班｜私中衝刺班 | E97: 新竹縣 | F97: 湖口鄉 | G97: 新竹縣湖口鄉中正村中正路二段340號 | H97: 03 599 1431 | J97: 官網 | K97: 4 | L97: 86 | AA97: 地圖 | AB97: 24.888522 | AC97: 121.05168
A98: 10–15 km | B98: 13.39 | C98: 佳音英語湖口校 | D98: 新竹縣私立宏潤文理短期補習班 | E98: 新竹縣 | F98: 湖口鄉 | G98: 新竹縣湖口鄉愛勢村民族街175號 | H98: 03 699 3077 | I98: hugo.joy.joy@gmail.com | K98: 4.8 | L98: 462 | M98: 大型 | N98: 12 | O98: 270.07 | P98: 586.87 | Q98: 20 | R98: 10 | S98: 330 | T98: 150 | U98: 文理類 | V98: 2020-09-28 | W98: 陳惠婷 | X98: 陳惠婷 | Y98: phone | Z98: 立案頁 | AA98: 地圖 | AB98: 24.904961 | AC98: 121.04645
A99: 10–15 km | B99: 13.6 | C99: 凱瑟琳美語文理補習班 | D99: 新竹縣私立凱瑟琳美語文理短期補習班 | E99: 新竹縣 | F99: 湖口鄉 | G99: 新竹縣湖口鄉德盛村成功路62-1號 | H99: 03 599 1775 | I99: catherine5991775@gmail.com | K99: 5 | L99: 2 | M99: 小型 | N99: 1 | O99: 30.03 | P99: 79.72 | Q99: 2 | R99: 5 | S99: 100 | T99: 100 | U99: 外語類 | V99: 2004-05-31 | W99: 涂美珍 | X99: 涂美珍 | Y99: phone | Z99: 立案頁 | AA99: 地圖 | AB99: 24.906205 | AC99: 121.04417
A100: 10–15 km | B100: 13.98 | C100: 約拿美語短期補習班 | D100: 新竹縣私立約拿美語短期補習班 | E100: 新竹縣 | F100: 關西鎮 | G100: 新竹縣關西鎮西安里正義路111之6號 | H100: 03 517 1245 | I100: eunipage@gmail.com | K100: 5 | L100: 1 | M100: 小型 | N100: 1 | O100: 53.09 | P100: 113.84 | Q100: 2 | R100: 1 | S100: 20 | T100: 20 | U100: 外語類 | V100: 2010-08-05 | W100: 鍾政良 | X100: 鍾政良 | Y100: phone | Z100: 立案頁 | AA100: 地圖 | AB100: 24.79457 | AC100: 121.17548
...

Sheet 全台英文補習班
A1: 縣市 | B1: 行政區 | C1: 立案名稱 | D1: 地址 | E1: 電話 | F1: Email | G1: 規模 | H1: 教室數 | I1: 教室面積(㎡) | J1: 班舍總面積(㎡) | K1: 核准班級數 | L1: 登記師資(人) | M1: 核定容量(人) | N1: 英文科核定(人) | O1: 英文相關核准科目 | P1: 立案類別 | Q1: 立案情形 | R1: 立案日期 | S1: 負責人 | T1: 班主任 | U1: 立案頁
A2: 臺北市 | B2: 中山區 | C2: 何嘉仁文教事業股份有限公司附設臺北市私立智仁文理短期補習班 | D2: 中山區民權東路2段107號4樓、7樓、6樓 | E2: 25928378 | F2: hs3381@hess.com.tw | G2: 大型 | H2: 39 | I2: 1149.74 | J2: 2825.37 | K2: 203 | L2: 38 | M2: 12180 | N2: 1740 | O2: 英語 | P2: 外語類 | Q2: 已立案 | R2: 2006-01-01 | S2: 秦鴻筠 | T2: 李易儒 | U2: 立案頁
A3: 臺北市 | B3: 中山區 | C3: 創勝文教股份有限公司附設臺北市私立創勝文教英語短期補習班 | D3: 中山區朱崙街60號2樓、2樓之1、2樓之2 | E3: 27713072 | F3: ntecontact@gmail.com | G3: 小型 | H3: 2 | I3: 105.71 | J3: 193.89 | K3: 2 | L3: 10 | M3: 120 | N3: 120 | O3: 英文 | P3: 外語類 | Q3: 已立案 | R3: 2015-12-09 | S3: 王梓雯 | T3: 洪榆涵 | U3: 立案頁
A4: 臺北市 | B4: 中山區 | C4: 台灣拓人教育事業股份有限公司附設拓人文理短期補習班大直分班 | D4: 中山區明水路581巷13弄1號1樓 | E4: 2533-9636 | F4: tact.a001@msa.hinet.net | G4: 小型 | H4: 2 | I4: 62.82 | J4: 124 | K4: 15 | L4: 32 | M4: 780 | N4: 156 | O4: 英語 | P4: 文理類,外語類 | Q4: 已立案 | R4: 2009-03-01 | S4: 李萬吉 | T4: 陳芝毓 | U4: 立案頁
A5: 臺北市 | B5: 中山區 | C5: 奇異松股份有限公司附設臺北市私立奇異鳥懷恩美語文理短期補習班 | D5: 中山區松江路293之203號2樓 | E5: 25185186 | F5: aes.sj5186@gmail.com | G5: 小型 | H5: 2 | I5: 68.73 | J5: 149.83 | K5: 4 | L5: 15 | M5: 240 | N5: 240 | O5: 英語 | P5: 外語類 | Q5: 已立案 | R5: 2015-08-14 | S5: 奇異松股份有限公司(林秀姿) | T5: 謝牧音 | U5: 立案頁
A6: 臺北市 | B6: 中山區 | C6: 安宸文教事業有限公司附設臺北市私立安宸文理短期補習班 | D6: 中山區松江路186之1號2樓 | E6: (02)-2100-1585 | F6: cc186@meikoschool.com.tw | G6: 小型 | H6: 1 | I6: 32.88 | J6: 82.8 | K6: 5 | L6: 8 | M6: 135 | N6: 27 | O6: 英文 | P6: 文理類,外語類 | Q6: 已立案 | R6: 2026-07-29 | S6: 安宸文教事業有限公司(負責人：李淑宜) | T6: 李巧筠 | U6: 立案頁
A7: 臺北市 | B7: 中山區 | C7: 臺北市私立偉迪文理技藝短期補習班 | D7: 中山區長春路172號6樓 | E7: 25060028 | F7: tia34010741@gmail.com | G7: 小型 | H7: 4 | I7: 69.66 | J7: 113.78 | K7: 28 | L7: 7 | M7: 560 | N7: 80 | O7: 美語 | P7: 外語類 | Q7: 已立案 | R7: 2003-10-01 | S7: 蘇正忻 | T7: 金莉軒 | U7: 立案頁
A8: 臺北市 | B8: 中山區 | C8: 臺北市私立傑聲語文短期補習班 | D8: 中山區明水路397巷2弄6號1樓 | E8: 25328522 | F8: ally@jasonschool.com.tw | G8: 小型 | H8: 3 | I8: 44.82 | J8: 104.38 | K8: 2 | L8: 2 | M8: 34 | N8: 34 | O8: 美語 | P8: 外語類 | Q8: 已立案 | R8: 2003-05-01 | S8: 于維芝 | T8: 周吟倩 | U8: 立案頁
A9: 臺北市 | B9: 中山區 | C9: 臺北市私立冠英文理短期補習班南京分班 | D9: 中山區復興北路50號3樓 | E9: 27196265 | F9: kenglish168@gmail.com | G9: 中型 | H9: 3 | I9: 148.82 | J9: 232.991 | K9: 3 | L9: 21 | M9: 180 | N9: 180 | O9: 英文 | P9: 外語類 | Q9: 已立案 | R9: 2013-01-31 | S9: 王馨敏 | T9: 王馨敏 | U9: 立案頁
A10: 臺北市 | B10: 中山區 | C10: 臺北市私立凱斯文理短期補習班 | D10: 中山區南京東路3段21號3樓及4樓 | E10: 02-25026622 | F10: catsnj@catsedugroup.com.tw | G10: 大型 | H10: 11 | I10: 199.16 | J10: 442.06 | K10: 66 | L10: 28 | M10: 3960 | N10: 660 | O10: 英語 | P10: 外語類 | Q10: 已立案 | R10: 2002-09-01 | S10: 王永弘 | T10: 朱加君 | U10: 立案頁
A11: 臺北市 | B11: 中山區 | C11: 臺北市私立凱斯文理短期補習班大直分班 | D11: 中山區明水路565號(1層) | E11: 25329222 | F11: alisa03220@gmail.com | G11: 中型 | H11: 5 | I11: 66.58 | J11: 120.09 | K11: 20 | L11: 29 | M11: 1100 | N11: 220 | O11: 英語 | P11: 外語類 | Q11: 已立案 | R11: 2013-04-24 | S11: 王永弘 | T11: 吳敏蘭 | U11: 立案頁
A12: 臺北市 | B12: 中山區 | C12: 臺北市私立喬誠語文短期補習班 | D12: 中山區民權東路3段63號4樓、65號4樓 | E12: 25181888 | F12: fun117kimo@yahoo.com.tw | G12: 小型 | H12: 2 | I12: 51.12 | J12: 166.56 | K12: 2 | L12: 3 | M12: 84 | N12: 84 | O12: 美語 | P12: 外語類 | Q12: 已立案 | R12: 2004-09-01 | S12: 郭清蓮 | T12: 郭清蓮 | U12: 立案頁
A13: 臺北市 | B13: 中山區 | C13: 臺北市私立安德信語文資訊短期補習班 | D13: 中山區北安路554巷21號1樓、地下1樓 | E13: 25334700 | F13: joydz4700@gmail.com | G13: 中型 | H13: 7 | I13: 141.28 | J13: 316.3 | K13: 18 | L13: 3 | M13: 180 | N13: 30 | O13: 英語 | P13: 外語類,資訊類 | Q13: 已立案 | R13: 2000-01-01 | S13: 鄧榮禎 | T13: 鄧榮禎 | U13: 立案頁
A14: 臺北市 | B14: 中山區 | C14: 臺北市私立小朋友創意文理短期補習班 | D14: 中山區明水路397巷7弄25號1樓 | E14: (02)28059922 | F14: Eyeleveldazhi@gmail.com | G14: 小型 | H14: 3 | I14: 48.77 | J14: 98.5 | K14: 1 | L14: 1 | M14: 10 | N14: 10 | O14: 英語 | P14: 文理類,外語類 | Q14: 已立案 | R14: 2023-05-25 | S14: 蔡嘉琪 | T14: 蔡嘉琪 | U14: 立案頁
A15: 臺北市 | B15: 中山區 | C15: 臺北市私立得勝者文理短期補習班 | D15: 中山區龍江路377巷22號1樓 | E15: 2504-7300 | G15: 小型 | H15: 3 | I15: 56.68 | J15: 84.16 | K15: 4 | L15: 3 | M15: 188 | N15: 141 | O15: 英文 | P15: 文理類,外語類 | Q15: 已立案 | R15: 2010-01-04 | S15: 郭献哲 | T15: 鍾伶俐 | U15: 立案頁
A16: 臺北市 | B16: 中山區 | C16: 臺北市私立快樂芳庭語文美術短期補習班 | D16: 中山區民權東路1段58巷1號1、2、3樓 | E16: 25719899 | F16: beatrice.beatricelin@gmail.com | G16: 小型 | H16: 4 | I16: 110.11 | J16: 176.01 | K16: 2 | L16: 4 | M16: 120 | N16: 60 | O16: 美語 | P16: 外語類,美術、書法、攝影、美工設計、圍棋類 | Q16: 已立案 | R16: 2001-05-01 | S16: 林碧合 | T16: 陳淑茹 | U16: 立案頁
A17: 臺北市 | B17: 中山區 | C17: 臺北市私立文盛文理短期補習班 | D17: 中山區復興北路430巷16號1樓 | E17: 2500-7586 | F17: janelai0216@gmail.com | G17: 小型 | H17: 2 | I17: 37.57 | J17: 100 | K17: 14 | L17: 6 | M17: 434 | N17: 62 | O17: 英文 | P17: 文理類,外語類,音樂、舞蹈類,美術、書法、攝影、美工設計、圍棋類 | Q17: 已立案 | R17: 2007-03-13 | S17: 王成正 | T17: 王成正 | U17: 立案頁
A18: 臺北市 | B18: 中山區 | C18: 臺北市私立本能文理短期補習班 | D18: 中山區民權東路3段43號2樓 | E18: 25082618 | F18: wuchangbaby@gmail.com | G18: 小型 | H18: 2 | I18: 38.23 | J18: 84.67 | K18: 10 | L18: 3 | M18: 310 | N18: 62 | O18: 英文 | P18: 外語類 | Q18: 已立案 | R18: 2009-07-01 | S18: 陳霈甄 | T18: 張歆立 | U18: 立案頁
A19: 臺北市 | B19: 中山區 | C19: 臺北市私立朵朵老師文理短期補習班 | D19: 中山區北安路630巷25弄9號1樓 | E19: (02)8509-8858 | F19: li.taitsung@gmail.com | G19: 小型 | H19: 2 | I19: 35.56 | J19: 71 | K19: 4 | L19: 2 | M19: 116 | N19: 58 | O19: 英文、國文、數學、科學 | P19: 外語類 | Q19: 已立案 | R19: 2001-12-01 | S19: 黎岱宗 | T19: 蔡佩鈞 | U19: 立案頁
A20: 臺北市 | B20: 中山區 | C20: 臺北市私立琴生語文音樂短期補習班 | D20: 中山區北安路588巷12號1樓 | E20: 25320125 | F20: cmd1@yamahacsm.com.tw | G20: 中型 | H20: 7 | I20: 73.21 | J20: 146.74 | K20: 14 | L20: 29 | M20: 840 | N20: 420 | O20: 英文 | P20: 外語類 | Q20: 已立案 | R20: 1993-11-01 | S20: 梁啓慧 | T20: 徐智華 | U20: 立案頁
A21: 臺北市 | B21: 中山區 | C21: 臺北市私立睿智大直語文短期補習班 | D21: 中山區北安路608巷5弄6號（1、2樓） | E21: 25324761 | F21: dazhiaces@gmail.com | G21: 小型 | H21: 2 | I21: 76.36 | J21: 143.52 | K21: 2 | L21: 15 | M21: 120 | N21: 120 | O21: 英文 | P21: 外語類 | Q21: 已立案 | R21: 2007-06-27 | S21: FRANCE RICHARD THOMAS | T21: 吳雲潔 | U21: 立案頁
A22: 臺北市 | B22: 中山區 | C22: 臺北市私立科建語文文理短期補習班 | D22: 中山區松江路90巷9號1、3樓及地下室 | E22: 25641600 | F22: manager2k@kojen-els.com.tw | G22: 大型 | H22: 8 | I22: 204 | J22: 389.41 | K22: 36 | L22: 54 | M22: 2160 | N22: 240 | O22: 英文 | P22: 外語類 | Q22: 已立案 | R22: 1976-07-01 | S22: 李婉如 | T22: 李婉如 | U22: 立案頁
A23: 臺北市 | B23: 中山區 | C23: 臺北市私立科豆文理短期補習班 | D23: 中山區復興北路166號3樓 | E23: 27191913 | F23: cuddle27222007@gmail.com | G23: 中型 | H23: 5 | I23: 84.62 | J23: 183.39 | K23: 12 | L23: 1 | M23: 720 | N23: 180 | O23: 英文 | P23: 文理類,外語類,資訊類,其他類 | Q23: 已立案 | R23: 2014-07-28 | S23: 邱楷甯 | T23: 段輝陽 | U23: 立案頁
A24: 臺北市 | B24: 中山區 | C24: 臺北市私立艾沛思美語文理短期補習班 | D24: 中山區民權東路3段31號2樓 | E24: 25150890 | F24: ipaxschool@gmail.com | G24: 小型 | H24: 1 | I24: 40.9 | J24: 72.81 | K24: 5 | L24: 1 | M24: 170 | N24: 170 | O24: 英文 | P24: 外語類 | Q24: 已立案 | R24: 2017-02-16 | S24: 楊宜真 | T24: 楊宜真 | U24: 立案頁
A25: 臺北市 | B25: 中山區 | C25: 臺北市私立藝起玩文理技藝短期補習班 | D25: 中山區民權西路20號6樓之5 | E25: 0937429426 | F25: tuttiarts.studio@gmail.com | G25: 小型 | H25: 2 | I25: 44.67 | J25: 81.93 | K25: 28 | L25: 19 | M25: 672 | N25: 96 | O25: 英文 | P25: 文理類,外語類,音樂、舞蹈類,美術、書法、攝影、美工設計、圍棋類 | Q25: 已立案 | R25: 2024-12-06 | S25: 葉仰真 | T25: 葉仰真 | U25: 立案頁
A26: 臺北市 | B26: 中山區 | C26: 臺北市私立貝斯語文短期補習班 | D26: 中山區南京東路3段200號2樓之1 | E26: 27780408 | F26: bethenglish1991@gmail.com | G26: 中型 | H26: 6 | I26: 134.01 | J26: 169.52 | K26: 6 | L26: 12 | M26: 360 | N26: 360 | O26: 英文 | P26: 外語類 | Q26: 已立案 | R26: 2000-08-01 | S26: 王宗輝 | T26: 王宗輝 | U26: 立案頁
A27: 臺北市 | B27: 中山區 | C27: 臺北市私立陸翁藝術美術技藝文理短期補習班 | D27: 中山區吉林路144巷18號1樓 | E27: 25681607 | F27: luwengart@gmail.com | G27: 小型 | H27: 3 | I27: 37.87 | J27: 77.56 | K27: 12 | L27: 1 | M27: 372 | N27: 124 | O27: 英文 | P27: 外語類,資訊類,美術、書法、攝影、美工設計、圍棋類 | Q27: 已立案 | R27: 2011-04-01 | S27: 陸孟新 | T27: 翁姍慧 | U27: 立案頁
... A52: 臺北市 | B52: 中正區 | C52: 臺北市私立凱德語文短期補習班 | D52: 中正區羅斯福路2段68號6樓 | E52: 23961880 | F52: hsiehailing2000@gmail.com | G52: 小型 | H52: 2 | I52: 54.81 | J52: 118.38 | K52: 2 | L52: 2 | M52: 90 | N52: 90 | O52: 英文 | P52: 外語類 | Q52: 已立案 | R52: 2009-10-05 | S52: 謝艾伶 | T52: 謝艾伶 | U52: 立案頁
A53: 臺北市 | B53: 中正區 | C53: 臺北市私立劉媽媽語文短期補習班 | D53: 中正區寧波西街80號2樓 | E53: 0928107969 | G53: 小型 | H53: 2 | I53: 85.5 | J53: 85.5 | K53: 4 | L53: 2 | M53: 240 | N53: 120 | O53: 英語 | P53: 外語類 | Q53: 已立案 | R53: 1984-12-10 | S53: 劉林純美 | T53: 劉家郁 | U53: 立案頁
A54: 臺北市 | B54: 中正區 | C54: 臺北市私立同文館語文文理短期補習班 | D54: 中正區信義路2段91號4樓之4 | E54: 23937795 | F54: tonwenkuan@gmail.com | G54: 小型 | H54: 3 | I54: 49.57 | J54: 110.04 | K54: 4 | L54: 2 | M54: 56 | N54: 28 | O54: 英文 | P54: 外語類 | Q54: 已立案 | R54: 2005-08-01 | S54: 鄭仁雨 | T54: 涂鈺芳 | U54: 立案頁
A55: 臺北市 | B55: 中正區 | C55: 臺北市私立天肯外語美術文理技藝短期補習班 | D55: 中正區羅斯福路3段272號9樓 | E55: 23696180 | F55: tianken.bonjour@gmail.com | G55: 中型 | H55: 5 | I55: 80.31 | J55: 190.18 | K55: 18 | L55: 11 | M55: 1080 | N55: 180 | O55: 英文 | P55: 外語類 | Q55: 已立案 | R55: 2011-04-01 | S55: 李欣怡 | T55: 李欣怡 | U55: 立案頁
A56: 臺北市 | B56: 中正區 | C56: 臺北市私立學智文理短期補習班 | D56: 中正區許昌街17號6樓之3 | E56: 23895212 | F56: learn23895212@gmail.com | G56: 小型 | H56: 1 | I56: 187.66 | J56: 196.16 | K56: 10 | L56: 21 | M56: 600 | N56: 120 | O56: 英語 | P56: 文理類,外語類 | Q56: 已立案 | R56: 2010-08-31 | S56: 劉君強 | T56: 劉君強 | U56: 立案頁
A57: 臺北市 | B57: 中正區 | C57: 臺北市私立小小林圍棋文理技藝短期補習班古亭分班 | D57: 中正區羅斯福路2段70號7樓之5 | E57: 2356-7337 | F57: ron19890806@gmail.com | G57: 小型 | H57: 4 | I57: 107.99 | J57: 125.58 | K57: 36 | L57: 18 | M57: 2160 | N57: 240 | O57: 美語 | P57: 外語類,美術、書法、攝影、美工設計、圍棋類 | Q57: 已立案 | R57: 2017-04-28 | S57: 林耕平 | T57: 周佳盈 | U57: 立案頁
A58: 臺北市 | B58: 中正區 | C58: 臺北市私立彭湘平英文文理技藝短期補習班 | D58: 中正區信義路2段91號5樓之2、之3 | E58: 23517722 | F58: f90841015@ntu.edu.tw | G58: 小型 | H58: 4 | I58: 117.15 | J58: 192.34 | K58: 8 | L58: 4 | M58: 160 | N58: 80 | O58: 英文 | P58: 外語類 | Q58: 已立案 | R58: 2000-07-01 | S58: 徐嘉偉 | T58: 徐嘉偉 | U58: 立案頁
A59: 臺北市 | B59: 中正區 | C59: 臺北市私立承淞語文文理短期補習班 | D59: 中正區杭州南路1段14巷21號2樓 | E59: 23210826 | F59: dongmen000@yahoo.com.tw | G59: 小型 | H59: 4 | I59: 56.18 | J59: 99.68 | K59: 5 | L59: 9 | M59: 160 | N59: 32 | O59: 美語 | P59: 外語類 | Q59: 已立案 | R59: 2000-11-01 | S59: 廖彩絹 | T59: 林淑絹 | U59: 立案頁
A60: 臺北市 | B60: 中正區 | C60: 臺北市私立掘奇地文理技藝短期補習班 | D60: 中正區和平西路2段90巷4號1樓 | E60: 23016565 | F60: justkids2016@gmail.com | G60: 小型 | H60: 3 | I60: 41.12 | J60: 81.54 | K60: 7 | L60: 9 | M60: 140 | N60: 20 | O60: 英文 | P60: 外語類 | Q60: 已立案 | R60: 1992-01-01 | S60: 鐘語蓁 | T60: 鐘語蓁 | U60: 立案頁
A61: 臺北市 | B61: 中正區 | C61: 臺北市私立文城古亭文理短期補習班 | D61: 中正區羅斯福路2段70號10樓 | E61: (02)2369-1090 | F61: joey.wang@wmch.net | G61: 小型 | H61: 2 | I61: 43.36 | J61: 92.36 | K61: 8 | L61: 40 | M61: 288 | N61: 36 | O61: 英語 | P61: 文理類,外語類 | Q61: 已立案 | R61: 2011-01-28 | S61: 宋狄翰 | T61: 卓嘉惠 | U61: 立案頁
A62: 臺北市 | B62: 中正區 | C62: 臺北市私立新小學館文理短期補習班 | D62: 中正區漢口街1段140、142號2樓 | E62: 23120259 | G62: 小型 | H62: 3 | I62: 73.9 | J62: 118.03 | K62: 15 | L62: 5 | M62: 330 | N62: 66 | O62: 英語 | P62: 外語類 | Q62: 已立案 | R62: 2005-05-01 | S62: 尉遲佩琪 | T62: 呂文中 | U62: 立案頁
A63: 臺北市 | B63: 中正區 | C63: 臺北市私立時代國際語文短期補習班 | D63: 中正區漢口街1段3、5、9、11號3樓 | E63: 0266178688 | F63: rachel.chen@language-world.com.tw | G63: 小型 | H63: 4 | I63: 101 | J63: 188.61 | K63: 12 | L63: 58 | M63: 252 | N63: 84 | O63: 英文 | P63: 外語類 | Q63: 已立案 | R63: 2004-04-01 | S63: 鄭陳秋玉 | T63: 鄭淑賢 | U63: 立案頁
A64: 臺北市 | B64: 中正區 | C64: 臺北市私立時代國際語文短期補習班館前二分班 | D64: 中正區館前路34號8樓 | E64: 66178688 | F64: rachel.chen@language-world.com.tw | G64: 大型 | H64: 5 | I64: 212.5 | J64: 433.18 | K64: 3 | L64: 61 | M64: 180 | N64: 60 | O64: 英文 | P64: 外語類 | Q64: 已立案 | R64: 2009-02-23 | S64: 鄭陳秋玉 | T64: 鄭陳秋玉 | U64: 立案頁
A65: 臺北市 | B65: 中正區 | C65: 臺北市私立普樂馬文理短期補習班 | D65: 中正區牯嶺街19號2樓 | E65: 23568055 | F65: peggy32325@hotmail.com | G65: 小型 | H65: 2 | I65: 71.47 | J65: 122.37 | K65: 9 | L65: 4 | M65: 531 | N65: 177 | O65: 英文 | P65: 文理類,外語類 | Q65: 已立案 | R65: 2017-06-09 | S65: 廖梓杏 | T65: 呂易倫 | U65: 立案頁
A66: 臺北市 | B66: 中正區 | C66: 臺北市私立東門文理技藝短期補習班 | D66: 中正區仁愛路1段24號5樓、6樓 | E66: 23432388 | F66: may110303@gmail.com | G66: 中型 | H66: 5 | I66: 129.13 | J66: 185.52 | K66: 35 | L66: 4 | M66: 2100 | N66: 300 | O66: 英文 | P66: 外語類,音樂、舞蹈類,美術、書法、攝影、美工設計、圍棋類,商類：珠算、心算、會計 | Q66: 已立案 | R66: 2014-05-13 | S66: 趙恩德 | T66: 趙恩德 | U66: 立案頁
A67: 臺北市 | B67: 中正區 | C67: 臺北市私立柏典語文短期補習班 | D67: 中正區羅斯福路2段168號3樓、3樓之1、3樓之2 | E67: 02-23671204 | F67: amychang@jumpstart.com.tw | G67: 中型 | H67: 5 | I67: 105.35 | J67: 238.07 | K67: 3 | L67: 7 | M67: 180 | N67: 180 | O67: 英文 | P67: 外語類 | Q67: 已立案 | R67: 2003-01-01 | S67: 劉憶萱 | T67: 陳淑慧 | U67: 立案頁
A68: 臺北市 | B68: 中正區 | C68: 臺北市私立派特美語短期補習班 | D68: 中正區莒光路53號1樓及西藏路62巷7號1樓 | E68: 23021121 | F68: pat3659@gmail.com | G68: 小型 | H68: 3 | I68: 59.33 | J68: 124.78 | K68: 3 | L68: 1 | M68: 147 | N68: 147 | O68: 英文 | P68: 外語類 | Q68: 已立案 | R68: 2013-07-10 | S68: 傅彥瑻 | T68: 傅彥瑻 | U68: 立案頁
A69: 臺北市 | B69: 中正區 | C69: 臺北市私立湯姆貓語文短期補習班 | D69: 中正區羅斯福路2段70號6樓之5 | E69: 23914638 | F69: katiewang317@gmail.com | G69: 小型 | H69: 1 | I69: 39.59 | J69: 82.64 | K69: 1 | L69: 1 | M69: 32 | N69: 32 | O69: 英文 | P69: 外語類 | Q69: 已立案 | R69: 1999-05-01 | S69: 保羅 | T69: 王冠婷 | U69: 立案頁
A70: 臺北市 | B70: 中正區 | C70: 臺北市私立目的達語文短期補習班 | D70: 中正區晉江街89號1、2樓 | E70: 23670528 | F70: muditaphasathai@gmail.com | G70: 小型 | H70: 2 | I70: 75.34 | J70: 130.17 | K70: 3 | L70: 9 | M70: 180 | N70: 60 | O70: 英語 | P70: 外語類 | Q70: 已立案 | R70: 2013-03-20 | S70: 鄭惠珍 | T70: 鄭惠珍 | U70: 立案頁
A71: 臺北市 | B71: 中正區 | C71: 臺北市私立維多莉亞韓語外語短期補習班 | D71: 中正區忠孝西路1段50號21樓之14、之16 | E71: (02)2389-4550 | F71: korean@vtk.com.tw | G71: 中型 | H71: 5 | I71: 45.29 | J71: 116.48 | K71: 16 | L71: 9 | M71: 592 | N71: 296 | O71: 英語 | P71: 外語類 | Q71: 已立案 | R71: 2011-08-01 | S71: 李三財 | T71: 尹竹君 | U71: 立案頁
A72: 臺北市 | B72: 中正區 | C72: 臺北市私立繁田塾語文短期補習班 | D72: 中正區館前路43號8樓 | E72: 23312752 | F72: official@handazyuku.com.tw | G72: 中型 | H72: 7 | I72: 252.96 | J72: 367.75 | K72: 4 | L72: 9 | M72: 80 | N72: 40 | O72: 英文 | P72: 外語類 | Q72: 已立案 | R72: 2006-09-01 | S72: 繁田禮二 | T72: 張愛琪 | U72: 立案頁
A73: 臺北市 | B73: 中正區 | C73: 臺北市私立芝麻開門語文短期補習班 | D73: 中正區新生南路1段138之1號2樓、2樓之1 | E73: 02-23926495 | F73: JC@opsesame.com | G73: 中型 | H73: 7 | I73: 81.38 | J73: 148.02 | K73: 6 | L73: 5 | M73: 72 | N73: 72 | O73: 英文 | P73: 外語類 | Q73: 已立案 | R73: 2000-09-01 | S73: 邱泰元 | T73: 呂昭嬅 | U73: 立案頁
A74: 臺北市 | B74: 中正區 | C74: 臺北市私立青山語文短期補習班站前分班 | D74: 中正區忠孝西路1段100號8樓 | E74: 23142222 | F74: hsu86017989@yahoo.com.tw | G74: 中型 | H74: 6 | I74: 109.83 | J74: 197.32 | K74: 18 | L74: 43 | M74: 1080 | N74: 360 | O74: 英文 | P74: 外語類 | Q74: 已立案 | R74: 2009-04-01 | S74: 孫永明 | T74: 苑冠華 | U74: 立案頁
... A106: 臺北市 | B106: 信義區 | C106: 臺北市私立笛卡爾興雅技藝文理短期補習班 | D106: 信義區基隆路1段37巷14號1樓 | E106: 27425919 | F106: feller0717@gmail.com | G106: 小型 | H106: 3 | I106: 30.3 | J106: 76.36 | K106: 39 | L106: 4 | M106: 975 | N106: 75 | O106: 英文 | P106: 外語類,音樂、舞蹈類,美術、書法、攝影、美工設計、圍棋類 | Q106: 已立案 | R106: 2011-06-01 | S106: 陳俊隆 | T106: 張玉娟 | U106: 立案頁
A107: 臺北市 | B107: 信義區 | C107: 臺北市私立聖達文教文理短期補習班 | D107: 信義區光復南路419巷20號1樓 | F107: stevengao737373@gmail.com | G107: 小型 | H107: 3 | I107: 53.51 | J107: 92.98 | K107: 15 | L107: 2 | M107: 660 | N107: 132 | O107: 英文 | P107: 文理類,外語類 | Q107: 已立案 | R107: 2011-01-01 | S107: 高向治 | T107: 劉玟妙 | U107: 立案頁
A108: 臺北市 | B108: 信義區 | C108: 臺北市私立艾力美語文理短期補習班 | D108: 信義區忠孝東路4段559巷1號1、2樓 | E108: 27637060 | F108: finance@alexeducationgroup.com | G108: 中型 | H108: 5 | I108: 107.17 | J108: 366.79 | K108: 8 | L108: 12 | M108: 480 | N108: 240 | O108: 美語 | P108: 外語類 | Q108: 已立案 | R108: 2003-07-01 | S108: 吳昇靜 | T108: 吳昇靜 | U108: 立案頁
A109: 臺北市 | B109: 信義區 | C109: 臺北市私立鐵斯汀文理短期補習班 | D109: 信義區忠孝東路5段1之3號3樓 | E109: 27620134 | F109: yixin27458822@gmail.com | G109: 小型 | H109: 2 | I109: 63.2 | J109: 110.51 | K109: 12 | L109: 5 | M109: 432 | N109: 72 | O109: 英語 | P109: 外語類 | Q109: 已立案 | R109: 1999-11-01 | S109: 樊緗慈 | T109: 樊緗慈 | U109: 立案頁
A110: 臺北市 | B110: 信義區 | C110: 英協文教有限公司附設臺北市私立信義文理短期補習班 | D110: 信義區信義路5段106號2樓之1、106號2樓之2 | E110: 02-87221008 | F110: Yufei.Huang@britishcouncil.org.tw | G110: 大型 | H110: 8 | I110: 225.72 | J110: 464.78 | K110: 50 | L110: 36 | M110: 3000 | N110: 3000 | O110: 英語 | P110: 外語類 | Q110: 已立案 | R110: 2016-05-23 | S110: 英協文教有限公司(安翠雅) | T110: 李盈璇 | U110: 立案頁
A111: 臺北市 | B111: 信義區 | C111: 藝勤有限公司附設臺北市私立兒童國際文理技藝短期補習班 | D111: 信義區仁愛路4段520號1樓及2樓 | E111: (02)27222020 | F111: taipeikidsacademy@gmail.com | G111: 小型 | H111: 4 | I111: 67.59 | J111: 194.75 | K111: 8 | L111: 6 | M111: 128 | N111: 16 | O111: 英語 | P111: 文理類,外語類,家政、插花、烹飪類,音樂、舞蹈類,美術、書法、攝影、美工設計、圍棋類 | Q111: 已立案 | R111: 2023-05-31 | S111: 謝佩如 | T111: 廖若瑄 | U111: 立案頁
A112: 臺北市 | B112: 信義區 | C112: 財團法人台北市中華基督教青年會附設臺北市私立永吉會所文理技藝短期補習班 | D112: 信義區永吉路500號6樓 | E112: 27631261 | F112: yongjilu500haoymca@gmail.com | G112: 中型 | H112: 5 | I112: 119.8 | J112: 143.52 | K112: 12 | L112: 94 | M112: 720 | N112: 60 | O112: 英文 | P112: 外語類 | Q112: 已立案 | R112: 1984-04-03 | S112: 賴允亮 | T112: 蕭牧民 | U112: 立案頁
A113: 臺北市 | B113: 信義區 | C113: 陽光森林文教股份有限公司附設臺北市私立世貿語文短期補習班 | D113: 信義區基隆路2段149之29號2樓、149之30號3樓、149之31號4樓 | E113: 2739-1392 | F113: sunshineedu@yahoo.com | G113: 大型 | H113: 9 | I113: 215.62 | J113: 368.47 | K113: 6 | L113: 11 | M113: 360 | N113: 360 | O113: 美語 | P113: 外語類 | Q113: 已立案 | R113: 2011-06-01 | S113: 呂麗華 | T113: 馬昕怡 | U113: 立案頁
A114: 臺北市 | B114: 信義區 | C114: 陽光森林文教股份有限公司附設臺北市私立陽光森林信義文理短期補習班 | D114: 信義區基隆路2段149之33號2樓、149之34號3樓、149之35號4樓 | E114: 2735-5358 | F114: sunshineedu@yahoo.com | G114: 中型 | H114: 6 | I114: 225.76 | J114: 367.44 | K114: 27 | L114: 12 | M114: 540 | N114: 180 | O114: 美語 | P114: 外語類 | Q114: 已立案 | R114: 2001-12-01 | S114: 呂麗華 | T114: 吳宜靜 | U114: 立案頁
A115: 臺北市 | B115: 內湖區 | C115: 全方位文教有限公司附設臺北市私立金品升大文理短期補習班 | D115: 內湖區東湖路7巷29號1至4樓 | E115: 02-26317777 | F115: huiyihuang8103@gmail.com | G115: 中型 | H115: 6 | I115: 159.78 | J115: 268.11 | K115: 36 | L115: 18 | M115: 2160 | N115: 360 | O115: 英文 | P115: 文理類,外語類 | Q115: 已立案 | R115: 1997-07-01 | S115: 賴俊瑋 | T115: 郭瓊文 | U115: 立案頁
A116: 臺北市 | B116: 內湖區 | C116: 凱莉文教股份有限公司附設臺北巿私立凱莉美語短期補習班 | D116: 內湖區成功路4段61巷30號1樓及地下1樓 | E116: 87921515 | F116: yvonne_0524@yahoo.com.tw | G116: 小型 | H116: 3 | I116: 49.19 | J116: 138.49 | K116: 2 | L116: 12 | M116: 54 | N116: 54 | O116: 美語 | P116: 外語類 | Q116: 已立案 | R116: 2011-06-01 | S116: 凱莉文教股份有限公司(負責人：顧邕) | T116: 顧邕 | U116: 立案頁
A117: 臺北市 | B117: 內湖區 | C117: 巨匠電腦股份有限公司附設臺北市私立巨匠電腦文理技藝短期補習班內湖分班 | D117: 內湖區成功路4段50號2 、3樓 | E117: (02)2795-3745 | F117: bm_mailbox@pcschool.com.tw | G117: 中型 | H117: 4 | I117: 117.04 | J117: 274.2 | K117: 8 | L117: 86 | M117: 480 | N117: 240 | O117: 美語 | P117: 外語類,資訊類 | Q117: 已立案 | R117: 2004-08-01 | S117: 鍾梁權 | T117: 陳柏憲 | U117: 立案頁
A118: 臺北市 | B118: 內湖區 | C118: 常裕事業股份有限公司附設臺北市私立知識樹學苑文理技藝短期補習班東湖分班 | D118: 內湖區東湖路113巷48號1樓 | E118: 26316018 | F118: ktree168@gmail.com | G118: 小型 | H118: 3 | I118: 50.15 | J118: 89.99 | K118: 35 | L118: 7 | M118: 2100 | N118: 300 | O118: 美語 | P118: 外語類 | Q118: 已立案 | R118: 2002-03-01 | S118: 常裕事業股份有限公司（負責人：李奇諺) | T118: 喬嘉瑜 | U118: 立案頁
A119: 臺北市 | B119: 內湖區 | C119: 極合教育科技股份有限公司附設臺北巿私立極上一對一內湖文理短期補習班 | D119: 內湖區成功路3段193號2樓 | E119: 27941929 | F119: hr89150001@gmail.com | G119: 小型 | H119: 4 | I119: 45.36 | J119: 78.35 | K119: 12 | L119: 11 | M119: 444 | N119: 148 | O119: 英文 | P119: 文理類,外語類 | Q119: 已立案 | R119: 2017-01-16 | S119: 極合教育科技股份有限公司(負責人:洪立屏) | T119: 楊舒婷 | U119: 立案頁
... A128: 臺北市 | B128: 內湖區 | C128: 臺北市私立伊頓美語短期補習班 | D128: 內湖區金湖路401巷1號1樓 | E128: 26325616 | F128: etonenglishschool@gmail.com | G128: 小型 | H128: 4 | I128: 56.77 | J128: 114.49 | K128: 3 | L128: 8 | M128: 141 | N128: 141 | O128: 英文 | P128: 外語類 | Q128: 已立案 | R128: 2011-03-01 | S128: 曹君豪 | T128: 曹君豪 | U128: 立案頁
A129: 臺北市 | B129: 內湖區 | C129: 臺北市私立佩皮文理語文短期補習班 | D129: 內湖區成功路4段61巷37號1樓 | E129: 27938321 | G129: 小型 | H129: 3 | I129: 45.67 | J129: 98.55 | K129: 9 | L129: 2 | M129: 450 | N129: 150 | O129: 英文 | P129: 文理類,外語類 | Q129: 已立案 | R129: 2009-03-01 | S129: 蘇園程 | T129: 蘇園程 | U129: 立案頁
A130: 臺北市 | B130: 內湖區 | C130: 臺北市私立佳因語文短期補習班 | D130: 內湖區麗山街338巷18號1樓 | E130: 26580129 | F130: joy91.joy91@msa.hinet.net | G130: 小型 | H130: 2 | I130: 34.22 | J130: 83.54 | K130: 6 | L130: 10 | M130: 180 | N130: 60 | O130: 英文 | P130: 外語類 | Q130: 已立案 | R130: 1995-02-01 | S130: 王淑萍 | T130: 王淑萍 | U130: 立案頁
A131: 臺北市 | B131: 內湖區 | C131: 臺北市私立佳茵語文短期補習班 | D131: 內湖區麗山街338巷16號1樓 | E131: 26580129 | F131: joy91.joy91@msa.hinet.net | G131: 小型 | H131: 3 | I131: 54.85 | J131: 83.98 | K131: 15 | L131: 10 | M131: 720 | N131: 144 | O131: 英文 | P131: 外語類 | Q131: 已立案 | R131: 2011-07-01 | S131: 王淑萍 | T131: 曾方霓 | U131: 立案頁
A132: 臺北市 | B132: 內湖區 | C132: 臺北市私立佳語半日語文資訊短期補習班 | D132: 內湖區麗山街338巷20-22號1樓 | E132: 26580129 | F132: joy91.joy91@msa.hinet.net | G132: 小型 | H132: 4 | I132: 103.31 | J132: 167.08 | K132: 28 | L132: 8 | M132: 980 | N132: 140 | O132: 英文 | P132: 外語類,資訊類 | Q132: 已立案 | R132: 1998-09-01 | S132: 曾萬吉 | T132: 曾萬吉 | U132: 立案頁
A133: 臺北市 | B133: 內湖區 | C133: 臺北市私立傳思文理技藝短期補習班 | D133: 內湖區康寧路3段70巷16號2樓及1樓 | E133: 26339776 | F133: acct@ckids.com.tw | G133: 中型 | H133: 4 | I133: 86.43 | J133: 217.63 | K133: 7 | L133: 8 | M133: 420 | N133: 60 | O133: 英文 | P133: 外語類 | Q133: 已立案 | R133: 1976-07-01 | S133: 洪秋香 | T133: 洪秋香 | U133: 立案頁
A134: 臺北市 | B134: 內湖區 | C134: 臺北市私立傳斯文理技藝短期補習班 | D134: 內湖區民權東路6段296巷58、60號1樓 | E134: 26307608 | F134: iris@ckids.com.tw | G134: 中型 | H134: 6 | I134: 120.14 | J134: 192.2 | K134: 42 | L134: 7 | M134: 2520 | N134: 360 | O134: 英文 | P134: 外語類 | Q134: 已立案 | R134: 2003-05-01 | S134: 洪秋香 | T134: 黃明月 | U134: 立案頁
A135: 臺北市 | B135: 內湖區 | C135: 臺北市私立僑意文理短期補習班 | D135: 內湖區麗山街338巷24號1樓 | E135: 0226572900 | F135: a0989996194@gmail.com | G135: 小型 | H135: 2 | I135: 51.15 | J135: 85.48 | O135: 美語 | P135: 外語類 | Q135: 已立案 | R135: 2000-07-01 | S135: 陳怡均 | T135: 陳怡均 | U135: 立案頁
A136: 臺北市 | B136: 內湖區 | C136: 臺北市私立全昇文理短期補習班 | D136: 內湖區星雲街31號1樓 | E136: 27935358 | F136: angel02882000@yahoo.com.tw | G136: 小型 | H136: 2 | I136: 75.93 | J136: 127.35 | K136: 2 | L136: 6 | M136: 120 | N136: 60 | O136: 美語 | P136: 文理類,外語類 | Q136: 已立案 | R136: 2010-06-01 | S136: 魯育誠 | T136: 游宏宇 | U136: 立案頁
A137: 臺北市 | B137: 內湖區 | C137: 臺北市私立卡琳英語文理短期補習班 | D137: 內湖區星雲街128號、132號1樓 | E137: 27948158 | F137: carleenselc@hotmail.com | G137: 中型 | H137: 6 | I137: 116.4 | J137: 199.64 | K137: 24 | L137: 2 | M137: 2328 | N137: 582 | O137: 英語 | P137: 外語類 | Q137: 已立案 | R137: 2008-10-01 | S137: 洪雅興 | T137: 洪雅興 | U137: 立案頁
A138: 臺北市 | B138: 內湖區 | C138: 臺北市私立向日葵資優文理短期補習班 | D138: 內湖區內湖路1段737巷51弄30號1樓、28號1樓 | E138: 27990903 | F138: lingling10_27@yahoo.com.tw | G138: 小型 | H138: 4 | I138: 95.19 | J138: 155.23 | K138: 20 | L138: 5 | M138: 1020 | N138: 204 | O138: 美語 | P138: 文理類,外語類 | Q138: 已立案 | R138: 1995-11-01 | S138: 楊玲玲 | T138: 楊玲玲 | U138: 立案頁
A139: 臺北市 | B139: 內湖區 | C139: 臺北市私立哈佛兒語文短期補習班 | D139: 內湖區文德路210巷8之2號1、2樓及8之5號1、2樓 | E139: 26588004 | F139: chen21082@gmail.com | G139: 大型 | H139: 12 | I139: 250.64 | J139: 436.13 | K139: 50 | L139: 11 | M139: 3000 | N139: 600 | O139: 英語 | P139: 外語類 | Q139: 已立案 | R139: 1998-01-01 | S139: 陳麟宇 | T139: 陳麟宇 | U139: 立案頁
A140: 臺北市 | B140: 內湖區 | C140: 臺北市私立嘉成文理短期補習班 | D140: 內湖區成功路4段166號3樓 | E140: 27942515 | F140: hs2177@hess.com.tw | G140: 中型 | H140: 5 | I140: 101.29 | J140: 180.56 | K140: 20 | L140: 13 | M140: 1200 | N140: 240 | O140: 英語 | P140: 外語類 | Q140: 已立案 | R140: 2015-08-14 | S140: 武榮財 | T140: 李珮伃 | U140: 立案頁
A141: 臺北市 | B141: 內湖區 | C141: 臺北市私立多元文理技藝短期補習班 | D141: 內湖區民權東路6段110號2樓及112號2樓 | E141: 02-27926691 | F141: diversifytw@gmail.com | G141: 小型 | H141: 4 | I141: 84.97 | J141: 187.7 | K141: 12 | L141: 4 | M141: 396 | N141: 66 | O141: 英文 | P141: 文理類,外語類,資訊類,商類：珠算、心算、會計 | Q141: 已立案 | R141: 1998-09-01 | S141: 黃建仁 | T141: 黃建仁 | U141: 立案頁
A142: 臺北市 | B142: 內湖區 | C142: 臺北市私立奧斯福爾文理技藝短期補習班 | D142: 內湖區民權東路6段296巷66之1號1樓 | E142: 26340258 | F142: fanny@taipeioxford.com.tw | G142: 小型 | H142: 3 | I142: 83.98 | J142: 128.18 | K142: 12 | L142: 3 | M142: 720 | N142: 180 | O142: 英文 | P142: 外語類,資訊類 | Q142: 已立案 | R142: 1999-07-01 | S142: 謝煜志 | T142: 謝育霖 | U142: 立案頁
A143: 臺北市 | B143: 內湖區 | C143: 臺北市私立小學堂文理短期補習班 | D143: 內湖區成功路4段45號6樓 | E143: 27903820 | F143: christinatchsu@gmail.com | G143: 小型 | H143: 3 | I143: 46.67 | J143: 101.41 | K143: 15 | L143: 3 | M143: 570 | N143: 114 | O143: 英文 | P143: 文理類,外語類 | Q143: 已立案 | R143: 2011-01-01 | S143: 徐德琴 | T143: 徐德琴 | U143: 立案頁
A144: 臺北市 | B144: 內湖區 | C144: 臺北市私立小湯拇美語短期補習班 | D144: 內湖區內湖路2段355巷2號、6弄2號1樓及2之1號1樓 | E144: 27906863 | F144: Tommyeschool@hotmail.com | G144: 中型 | H144: 6 | I144: 107.22 | J144: 198.43 | K144: 8 | L144: 6 | M144: 328 | N144: 82 | O144: 美語 | P144: 外語類 | Q144: 已立案 | R144: 2003-06-01 | S144: 孫長福 | T144: 孫長福 | U144: 立案頁
A145: 臺北市 | B145: 內湖區 | C145: 臺北市私立小琴房音樂藝術文理技藝短期補習班 | D145: 內湖區成功路3段160號2樓 | E145: 27930898 | F145: kaeling0313@gmail.com | G145: 小型 | H145: 3 | I145: 34.52 | J145: 90.85 | K145: 9 | L145: 13 | M145: 252 | N145: 84 | O145: 英文 | P145: 外語類 | Q145: 已立案 | R145: 2004-06-01 | S145: 張鎧玲 | T145: 張鎧玲 | U145: 立案頁
A146: 臺北市 | B146: 內湖區 | C146: 臺北市私立恩貝亞美語短期補習班 | D146: 內湖區金湖路179號2樓 | E146: 27916484 | F146: enyaschool1791@gmail.com | G146: 小型 | H146: 4 | I146: 91.57 | J146: 102.96 | K146: 2 | L146: 6 | M146: 100 | N146: 100 | O146: 美語 | P146: 外語類 | Q146: 已立案 | R146: 2006-01-01 | S146: 黃健源 | T146: 王淑吟 | U146: 立案頁
A147: 臺北市 | B147: 內湖區 | C147: 臺北市私立恰克美語短期補習班 | D147: 內湖區大湖山莊街152號1樓 | E147: 27923831 | F147: chuckamericanschool@gmail.com | G147: 小型 | H147: 3 | I147: 54.71 | J147: 94.43 | K147: 30 | L147: 10 | M147: 2520 | N147: 504 | O147: 英文 | P147: 外語類 | Q147: 已立案 | R147: 2000-11-01 | S147: 劉寶鳳 | T147: 劉玉燕 | U147: 立案頁
... A159: 臺北市 | B159: 內湖區 | C159: 臺北市私立程果語文短期補習班 | D159: 內湖區東湖路119巷50弄18號、20號、22號1樓 | E159: 26322747 | F159: brian.chen@eagledh.com | G159: 小型 | H159: 4 | I159: 73.78 | J159: 184.68 | K159: 4 | L159: 8 | M159: 240 | N159: 240 | O159: 美語 | P159: 外語類 | Q159: 已立案 | R159: 2009-01-01 | S159: 陳昭均 | T159: 陳昭均 | U159: 立案頁
A160: 臺北市 | B160: 內湖區 | C160: 臺北市私立立湖文理短期補習班 | D160: 內湖區金龍路144之1號1樓 | E160: 27940279 | G160: 小型 | H160: 2 | I160: 30.19 | J160: 73.91 | K160: 4 | L160: 3 | M160: 100 | N160: 50 | O160: 英語 | P160: 外語類 | Q160: 已立案 | R160: 2004-08-01 | S160: 林美珠 | T160: 林美玲 | U160: 立案頁
A161: 臺北市 | B161: 內湖區 | C161: 臺北市私立童采文理技藝短期補習班 | D161: 內湖區康寧路3段165巷14弄1號1樓及夾層 | E161: 02-26315726 | F161: robin.jlc@msa.hinet.net | G161: 中型 | H161: 5 | I161: 120.76 | J161: 206.48 | K161: 55 | L161: 42 | M161: 3300 | N161: 300 | O161: 英文 | P161: 外語類,資訊類,音樂、舞蹈類,美術、書法、攝影、美工設計、圍棋類 | Q161: 已立案 | R161: 1991-11-01 | S161: 陳瑞林 | T161: 陳芬瑜 | U161: 立案頁
A162: 臺北市 | B162: 內湖區 | C162: 臺北市私立細拉音樂英文短期補習班 | D162: 內湖區康寧路3段99巷8弄1號1樓 | E162: 26317142 | F162: yufenhope@gmail.com | G162: 中型 | H162: 6 | I162: 36.91 | J162: 94.62 | K162: 2 | L162: 3 | M162: 74 | N162: 37 | O162: 英文 | P162: 外語類,音樂、舞蹈類 | Q162: 已立案 | R162: 2009-07-01 | S162: 陳詩音 | T162: 陳詩音 | U162: 立案頁
A163: 臺北市 | B163: 內湖區 | C163: 臺北市私立育名文理技藝短期補習班 | D163: 內湖區內湖路2段126號1樓 | E163: 2627-9450 | F163: ym999.liu@msa.hinet.net | G163: 小型 | H163: 3 | I163: 35.55 | J163: 113.42 | K163: 24 | L163: 4 | M163: 672 | N163: 84 | O163: 英語 | P163: 外語類,商類：珠算、心算、會計 | Q163: 已立案 | R163: 2003-07-01 | S163: 劉秀梅 | T163: 劉秀如 | U163: 立案頁
A164: 臺北市 | B164: 內湖區 | C164: 臺北市私立西湖文理短期補習班 | D164: 內湖區內湖路1段575號4樓 | E164: (02)26573776 | F164: shihuwenli@gmail.com | G164: 小型 | H164: 4 | I164: 63.12 | J164: 95.46 | K164: 12 | L164: 7 | M164: 624 | N164: 156 | O164: 英語 | P164: 文理類,外語類 | Q164: 已立案 | R164: 2017-09-27 | S164: 陳建志 | T164: 林雪微 | U164: 立案頁
A165: 臺北市 | B165: 內湖區 | C165: 臺北市私立諾貝兒文理技藝短期補習班 | D165: 內湖區金湖路419號1樓、395、397、399號1樓、民權東路6段489號2樓 | E165: 2633-0368 | F165: janice81363@gmail.com | G165: 大型 | H165: 12 | I165: 264.7 | J165: 432.49 | K165: 84 | L165: 40 | M165: 5040 | N165: 720 | O165: 英文 | P165: 外語類 | Q165: 已立案 | R165: 2001-03-01 | S165: 賴榮貴 | T165: 蘇乃雲 | U165: 立案頁
A166: 臺北市 | B166: 內湖區 | C166: 臺北市私立迪亞語文補習班 | D166: 內湖區東湖路113巷58、64號1樓 | E166: 26332165 | G166: 大型 | H166: 8 | I166: 132.82 | J166: 228.03 | K166: 8 | L166: 1 | M166: 480 | N166: 480 | O166: 英語會話 | P166: 外語類 | Q166: 已立案 | R166: 1991-08-01 | S166: 尹人秀 | T166: 尹人秀 | U166: 立案頁
A167: 臺北市 | B167: 內湖區 | C167: 臺北市私立逸毅非凡夏恩文理短期補習班 | D167: 內湖區東湖路7巷21號1至5樓 | E167: 26311089 | F167: b28021@yahoo.com.tw | G167: 中型 | H167: 5 | I167: 104 | J167: 295.98 | K167: 25 | L167: 6 | M167: 1500 | N167: 300 | O167: 英語 | P167: 外語類 | Q167: 已立案 | R167: 1997-11-01 | S167: 陳逸恆 | T167: 張凱琪 | U167: 立案頁
A168: 臺北市 | B168: 內湖區 | C168: 臺北市私立達群文理技藝短期補習班 | D168: 內湖區內湖路1段411巷76號1樓、411巷80號1樓 | E168: 02-26592307 | F168: aa0989542062@gmail.com | G168: 小型 | H168: 4 | I168: 72.33 | J168: 184.49 | K168: 24 | L168: 5 | M168: 1440 | N168: 240 | O168: 英文 | P168: 文理類,外語類,美術、書法、攝影、美工設計、圍棋類,商類：珠算、心算、會計 | Q168: 已立案 | R168: 2003-08-01 | S168: 楊娟娟 | T168: 黃堅良 | U168: 立案頁
A169: 臺北市 | B169: 內湖區 | C169: 臺北市私立音樂樹技藝文理短期補習班 | D169: 內湖區成功路4段61巷30之1號1樓、2樓及地下1樓 | E169: 27934899 | G169: 中型 | H169: 5 | I169: 75.23 | J169: 167.82 | K169: 9 | L169: 1 | M169: 261 | N169: 87 | O169: 英語 | P169: 外語類,音樂、舞蹈類,美術、書法、攝影、美工設計、圍棋類 | Q169: 已立案 | R169: 2006-09-01 | S169: 吳慧君 | T169: 黃雪玲 | U169: 立案頁
A170: 臺北市 | B170: 內湖區 | C170: 臺北市私立高明一對一文理短期補習班 | D170: 內湖區星雲街15巷15之1號1樓、成功路3段87號1樓 | E170: 27962045 | F170: 007.km101@gmail.com | G170: 小型 | H170: 3 | I170: 36.26 | J170: 72.65 | K170: 6 | L170: 9 | M170: 180 | N170: 90 | O170: 英語 | P170: 文理類,外語類 | Q170: 已立案 | R170: 2009-11-01 | S170: 李文章 | T170: 陳椀楨 | U170: 立案頁
A171: 臺北市 | B171: 內湖區 | C171: 臺北市私立高羊語文文理短期補習班 | D171: 內湖區內湖路2段355巷7弄9號1樓 | E171: 27954488 | F171: zzkuo99@gmail.com | G171: 小型 | H171: 3 | I171: 43.75 | J171: 93.91 | K171: 6 | L171: 1 | M171: 480 | N171: 30 | O171: 美語 | P171: 文理類,外語類 | Q171: 已立案 | R171: 2004-01-01 | S171: 楊淳雅 | T171: 楊淳雅 | U171: 立案頁
A172: 臺北市 | B172: 內湖區 | C172: 茂榞科技股份有限公司附設臺北市私立以馬內利語文文理短期補習班內湖分班 | D172: 內湖區港華街137、139、141、143號1樓 | E172: 26586777 | F172: ieaneihustaff1@gmail.com | G172: 中型 | H172: 6 | I172: 78.06 | J172: 149.5 | K172: 3 | L172: 4 | M172: 180 | N172: 180 | O172: 英文 | P172: 外語類 | Q172: 已立案 | R172: 2010-06-01 | S172: 茂榞科技股份有限公司(鄧麗珊) | T172: 陳中鼎 | U172: 立案頁
A173: 臺北市 | B173: 內湖區 | C173: 誠功文教股份有限公司附設臺北巿私立誠功語文短期補習班 | D173: 內湖區成功路4段61巷28號1樓及地下1樓 | E173: 87921515 | F173: yvonne_0524@yahoo.com.tw | G173: 小型 | H173: 4 | I173: 91.63 | J173: 138.49 | K173: 6 | L173: 13 | M173: 270 | N173: 135 | O173: 美語 | P173: 外語類 | Q173: 已立案 | R173: 2011-06-01 | S173: 誠功文教股份有限公司(負責人：紀怡嫻) | T173: 紀怡嫻 | U173: 立案頁
A174: 臺北市 | B174: 內湖區 | C174: 金桐股份有限公司附設臺北市私立科見文理短期補習班成功一分班 | D174: 內湖區成功路5段460號3樓之1 | E174: 26316285 | F174: manager10a@kojen-els.com.tw | G174: 中型 | H174: 6 | I174: 159.05 | J174: 216.31 | K174: 36 | L174: 29 | M174: 2160 | N174: 360 | O174: 美語 | P174: 外語類 | Q174: 已立案 | R174: 2002-06-01 | S174: 侯登見 | T174: 張彩娥 | U174: 立案頁
...

Sheet 規模統計
A1: 規模統計
A2: 所有數字皆為公式，改動名錄分頁會自動重算。
A4: 楊梅 20 公里圈 — 整體
B5: 家數 | C5: 有立案資料 | D5: 有 Email | E5: 教室數中位數 | F5: 班舍面積中位數(㎡) | G5: 師資中位數(人) | H5: 平均班舍面積(㎡)
A6: 全部 | B6: =COUNTA(楊梅20km名錄!$A$2:$A$160) -> 159 | C6: =COUNTA(楊梅20km名錄!$D$2:$D$160) -> 120 | D6: =COUNTIF(楊梅20km名錄!$I$2:$I$160,"?*") -> 113 | E6: =MEDIAN(楊梅20km名錄!$N$2:$N$160) -> 4 | F6: =MEDIAN(楊梅20km名錄!$P$2:$P$160) -> 172.065 | G6: =MEDIAN(楊梅20km名錄!$R$2:$R$160) -> 3 | H6: =AVERAGE(楊梅20km名錄!$P$2:$P$160) -> 222.21258
A8: 楊梅 20 公里圈 — 依距離級距
A9: 距離級距 | B9: 家數 | C9: 有立案資料 | D9: 有 Email | E9: 平均教室數 | F9: 平均班舍面積(㎡) | G9: 平均師資(人) | H9: 大型
A10: 0–5 km | B10: =COUNTIF(楊梅20km名錄!$A$2:$A$160,$A10) -> 31 | C10: =COUNTIFS(楊梅20km名錄!$A$2:$A$160,$A10,楊梅20km名錄!$D$2:$D$160,"<>") -> 27 | D10: =COUNTIFS(楊梅20km名錄!$A$2:$A$160,$A10,楊梅20km名錄!$I$2:$I$160,"?*") -> 26 | E10: =IFERROR(AVERAGEIFS(楊梅20km名錄!$N$2:$N$160,楊梅20km名錄!$A$2:$A$160,$A10,楊梅20km名錄!$N$2:$N$160,">0"),"") -> 3.8148148 | F10: =IFERROR(AVERAGEIFS(楊梅20km名錄!$P$2:$P$160,楊梅20km名錄!$A$2:$A$160,$A10,楊梅20km名錄!$P$2:$P$160,">0"),"") -> 209.06333 | G10: =IFERROR(AVERAGEIFS(楊梅20km名錄!$R$2:$R$160,楊梅20km名錄!$A$2:$A$160,$A10,楊梅20km名錄!$R$2:$R$160,">0"),"") -> 4.2962963 | H10: =COUNTIFS(楊梅20km名錄!$A$2:$A$160,$A10,楊梅20km名錄!$M$2:$M$160,"大型") -> 4
A11: 5–10 km | B11: =COUNTIF(楊梅20km名錄!$A$2:$A$160,$A11) -> 23 | C11: =COUNTIFS(楊梅20km名錄!$A$2:$A$160,$A11,楊梅20km名錄!$D$2:$D$160,"<>") -> 17 | D11: =COUNTIFS(楊梅20km名錄!$A$2:$A$160,$A11,楊梅20km名錄!$I$2:$I$160,"?*") -> 16 | E11: =IFERROR(AVERAGEIFS(楊梅20km名錄!$N$2:$N$160,楊梅20km名錄!$A$2:$A$160,$A11,楊梅20km名錄!$N$2:$N$160,">0"),"") -> 2.7058824 | F11: =IFERROR(AVERAGEIFS(楊梅20km名錄!$P$2:$P$160,楊梅20km名錄!$A$2:$A$160,$A11,楊梅20km名錄!$P$2:$P$160,">0"),"") -> 144.65412 | G11: =IFERROR(AVERAGEIFS(楊梅20km名錄!$R$2:$R$160,楊梅20km名錄!$A$2:$A$160,$A11,楊梅20km名錄!$R$2:$R$160,">0"),"") -> 3.0588235 | H11: =COUNTIFS(楊梅20km名錄!$A$2:$A$160,$A11,楊梅20km名錄!$M$2:$M$160,"大型") -> 0
A12: 10–15 km | B12: =COUNTIF(楊梅20km名錄!$A$2:$A$160,$A12) -> 62 | C12: =COUNTIFS(楊梅20km名錄!$A$2:$A$160,$A12,楊梅20km名錄!$D$2:$D$160,"<>") -> 45 | D12: =COUNTIFS(楊梅20km名錄!$A$2:$A$160,$A12,楊梅20km名錄!$I$2:$I$160,"?*") -> 44 | E12: =IFERROR(AVERAGEIFS(楊梅20km名錄!$N$2:$N$160,楊梅20km名錄!$A$2:$A$160,$A12,楊梅20km名錄!$N$2:$N$160,">0"),"") -> 4.0888889 | F12: =IFERROR(AVERAGEIFS(楊梅20km名錄!$P$2:$P$160,楊梅20km名錄!$A$2:$A$160,$A12,楊梅20km名錄!$P$2:$P$160,">0"),"") -> 234.81444 | G12: =IFERROR(AVERAGEIFS(楊梅20km名錄!$R$2:$R$160,楊梅20km名錄!$A$2:$A$160,$A12,楊梅20km名錄!$R$2:$R$160,">0"),"") -> 3.7555556 | H12: =COUNTIFS(楊梅20km名錄!$A$2:$A$160,$A12,楊梅20km名錄!$M$2:$M$160,"大型") -> 7
A13: 15–20 km | B13: =COUNTIF(楊梅20km名錄!$A$2:$A$160,$A13) -> 43 | C13: =COUNTIFS(楊梅20km名錄!$A$2:$A$160,$A13,楊梅20km名錄!$D$2:$D$160,"<>") -> 31 | D13: =COUNTIFS(楊梅20km名錄!$A$2:$A$160,$A13,楊梅20km名錄!$I$2:$I$160,"?*") -> 27 | E13: =IFERROR(AVERAGEIFS(楊梅20km名錄!$N$2:$N$160,楊梅20km名錄!$A$2:$A$160,$A13,楊梅20km名錄!$N$2:$N$160,">0"),"") -> 4.6129032 | F13: =IFERROR(AVERAGEIFS(楊梅20km名錄!$P$2:$P$160,楊梅20km名錄!$A$2:$A$160,$A13,楊梅20km名錄!$P$2:$P$160,">0"),"") -> 257.90419 | G13: =IFERROR(AVERAGEIFS(楊梅20km名錄!$R$2:$R$160,楊梅20km名錄!$A$2:$A$160,$A13,楊梅20km名錄!$R$2:$R$160,">0"),"") -> 6.2258065 | H13: =COUNTIFS(楊梅20km名錄!$A$2:$A$160,$A13,楊梅20km名錄!$M$2:$M$160,"大型") -> 5
A15: 楊梅 20 公里圈 — 依規模分級
A16: 規模 | B16: 家數 | C16: 平均教室數 | D16: 平均班舍面積(㎡) | E16: 平均師資(人) | F16: 平均核准班級數 | G16: 平均評分 | H16: 占比
A17: 大型 | B17: =COUNTIF(楊梅20km名錄!$M$2:$M$160,$A17) -> 16 | C17: =IFERROR(AVERAGEIFS(楊梅20km名錄!$N$2:$N$160,楊梅20km名錄!$M$2:$M$160,$A17),"") -> 7.4375 | D17: =IFERROR(AVERAGEIFS(楊梅20km名錄!$P$2:$P$160,楊梅20km名錄!$M$2:$M$160,$A17),"") -> 538.26688 | E17: =IFERROR(AVERAGEIFS(楊梅20km名錄!$R$2:$R$160,楊梅20km名錄!$M$2:$M$160,$A17),"") -> 8.8125 | F17: =IFERROR(AVERAGEIFS(楊梅20km名錄!$Q$2:$Q$160,楊梅20km名錄!$M$2:$M$160,$A17),"") -> 13.6 | G17: =IFERROR(AVERAGEIFS(楊梅20km名錄!$K$2:$K$160,楊梅20km名錄!$M$2:$M$160,$A17,楊梅20km名錄!$K$2:$K$160,">0"),"") -> 3.94 | H17: =IFERROR(B17/SUM($B$17:$B$19),"") -> 0.13333333
A18: 中型 | B18: =COUNTIF(楊梅20km名錄!$M$2:$M$160,$A18) -> 38 | C18: =IFERROR(AVERAGEIFS(楊梅20km名錄!$N$2:$N$160,楊梅20km名錄!$M$2:$M$160,$A18),"") -> 4.7105263 | D18: =IFERROR(AVERAGEIFS(楊梅20km名錄!$P$2:$P$160,楊梅20km名錄!$M$2:$M$160,$A18),"") -> 247.45789 | E18: =IFERROR(AVERAGEIFS(楊梅20km名錄!$R$2:$R$160,楊梅20km名錄!$M$2:$M$160,$A18),"") -> 4.6578947 | F18: =IFERROR(AVERAGEIFS(楊梅20km名錄!$Q$2:$Q$160,楊梅20km名錄!$M$2:$M$160,$A18),"") -> 12.026316 | G18: =IFERROR(AVERAGEIFS(楊梅20km名錄!$K$2:$K$160,楊梅20km名錄!$M$2:$M$160,$A18,楊梅20km名錄!$K$2:$K$160,">0"),"") -> 4.5606061 | H18: =IFERROR(B18/SUM($B$17:$B$19),"") -> 0.31666667
A19: 小型 | B19: =COUNTIF(楊梅20km名錄!$M$2:$M$160,$A19) -> 66 | C19: =IFERROR(AVERAGEIFS(楊梅20km名錄!$N$2:$N$160,楊梅20km名錄!$M$2:$M$160,$A19),"") -> 2.6969697 | D19: =IFERROR(AVERAGEIFS(楊梅20km名錄!$P$2:$P$160,楊梅20km名錄!$M$2:$M$160,$A19),"") -> 131.05818 | E19: =IFERROR(AVERAGEIFS(楊梅20km名錄!$R$2:$R$160,楊梅20km名錄!$M$2:$M$160,$A19),"") -> 3.2121212 | F19: =IFERROR(AVERAGEIFS(楊梅20km名錄!$Q$2:$Q$160,楊梅20km名錄!$M$2:$M$160,$A19),"") -> 7.0454545 | G19: =IFERROR(AVERAGEIFS(楊梅20km名錄!$K$2:$K$160,楊梅20km名錄!$M$2:$M$160,$A19,楊梅20km名錄!$K$2:$K$160,">0"),"") -> 4.6017241 | H19: =IFERROR(B19/SUM($B$17:$B$19),"") -> 0.55
A21: 楊梅 20 公里圈 — 依行政區
A22: 行政區 | B22: 家數 | C22: 有立案資料 | D22: 有 Email | E22: 平均教室數 | F22: 平均班舍面積(㎡) | G22: 平均師資(人) | H22: 大型
A23: 楊梅區 | B23: =COUNTIF(楊梅20km名錄!$F$2:$F$160,$A23) -> 19 | C23: =COUNTIFS(楊梅20km名錄!$F$2:$F$160,$A23,楊梅20km名錄!$D$2:$D$160,"<>") -> 14 | D23: =COUNTIFS(楊梅20km名錄!$F$2:$F$160,$A23,楊梅20km名錄!$I$2:$I$160,"?*") -> 13 | E23: =IFERROR(AVERAGEIFS(楊梅20km名錄!$N$2:$N$160,楊梅20km名錄!$F$2:$F$160,$A23,楊梅20km名錄!$N$2:$N$160,">0"),"") -> 3.3571429 | F23: =IFERROR(AVERAGEIFS(楊梅20km名錄!$P$2:$P$160,楊梅20km名錄!$F$2:$F$160,$A23,楊梅20km名錄!$P$2:$P$160,">0"),"") -> 156.975 | G23: =IFERROR(AVERAGEIFS(楊梅20km名錄!$R$2:$R$160,楊梅20km名錄!$F$2:$F$160,$A23,楊梅20km名錄!$R$2:$R$160,">0"),"") -> 4.8571429 | H23: =COUNTIFS(楊梅20km名錄!$F$2:$F$160,$A23,楊梅20km名錄!$M$2:$M$160,"大型") -> 0
A24: 平鎮區 | B24: =COUNTIF(楊梅20km名錄!$F$2:$F$160,$A24) -> 14 | C24: =COUNTIFS(楊梅20km名錄!$F$2:$F$160,$A24,楊梅20km名錄!$D$2:$D$160,"<>") -> 13 | D24: =COUNTIFS(楊梅20km名錄!$F$2:$F$160,$A24,楊梅20km名錄!$I$2:$I$160,"?*") -> 13 | E24: =IFERROR(AVERAGEIFS(楊梅20km名錄!$N$2:$N$160,楊梅20km名錄!$F$2:$F$160,$A24,楊梅20km名錄!$N$2:$N$160,">0"),"") -> 4 | F24: =IFERROR(AVERAGEIFS(楊梅20km名錄!$P$2:$P$160,楊梅20km名錄!$F$2:$F$160,$A24,楊梅20km名錄!$P$2:$P$160,">0"),"") -> 197.83 | G24: =IFERROR(AVERAGEIFS(楊梅20km名錄!$R$2:$R$160,楊梅20km名錄!$F$2:$F$160,$A24,楊梅20km名錄!$R$2:$R$160,">0"),"") -> 3.9230769 | H24: =COUNTIFS(楊梅20km名錄!$F$2:$F$160,$A24,楊梅20km名錄!$M$2:$M$160,"大型") -> 2
A25: 大園區 | B25: =COUNTIF(楊梅20km名錄!$F$2:$F$160,$A25) -> 14 | C25: =COUNTIFS(楊梅20km名錄!$F$2:$F$160,$A25,楊梅20km名錄!$D$2:$D$160,"<>") -> 12 | D25: =COUNTIFS(楊梅20km名錄!$F$2:$F$160,$A25,楊梅20km名錄!$I$2:$I$160,"?*") -> 12 | E25: =IFERROR(AVERAGEIFS(楊梅20km名錄!$N$2:$N$160,楊梅20km名錄!$F$2:$F$160,$A25,楊梅20km名錄!$N$2:$N$160,">0"),"") -> 4.8333333 | F25: =IFERROR(AVERAGEIFS(楊梅20km名錄!$P$2:$P$160,楊梅20km名錄!$F$2:$F$160,$A25,楊梅20km名錄!$P$2:$P$160,">0"),"") -> 274.3625 | G25: =IFERROR(AVERAGEIFS(楊梅20km名錄!$R$2:$R$160,楊梅20km名錄!$F$2:$F$160,$A25,楊梅20km名錄!$R$2:$R$160,">0"),"") -> 4.5833333 | H25: =COUNTIFS(楊梅20km名錄!$F$2:$F$160,$A25,楊梅20km名錄!$M$2:$M$160,"大型") -> 3
A26: 龍潭區 | B26: =COUNTIF(楊梅20km名錄!$F$2:$F$160,$A26) -> 12 | C26: =COUNTIFS(楊梅20km名錄!$F$2:$F$160,$A26,楊梅20km名錄!$D$2:$D$160,"<>") -> 8 | D26: =COUNTIFS(楊梅20km名錄!$F$2:$F$160,$A26,楊梅20km名錄!$I$2:$I$160,"?*") -> 7 | E26: =IFERROR(AVERAGEIFS(楊梅20km名錄!$N$2:$N$160,楊梅20km名錄!$F$2:$F$160,$A26,楊梅20km名錄!$N$2:$N$160,">0"),"") -> 3.375 | F26: =IFERROR(AVERAGEIFS(楊梅20km名錄!$P$2:$P$160,楊梅20km名錄!$F$2:$F$160,$A26,楊梅20km名錄!$P$2:$P$160,">0"),"") -> 266.765 | G26: =IFERROR(AVERAGEIFS(楊梅20km名錄!$R$2:$R$160,楊梅20km名錄!$F$2:$F$160,$A26,楊梅20km名錄!$R$2:$R$160,">0"),"") -> 1.5 | H26: =COUNTIFS(楊梅20km名錄!$F$2:$F$160,$A26,楊梅20km名錄!$M$2:$M$160,"大型") -> 2
A27: 觀音區 | B27: =COUNTIF(楊梅20km名錄!$F$2:$F$160,$A27) -> 11 | C27: =COUNTIFS(楊梅20km名錄!$F$2:$F$160,$A27,楊梅20km名錄!$D$2:$D$160,"<>") -> 8 | D27: =COUNTIFS(楊梅20km名錄!$F$2:$F$160,$A27,楊梅20km名錄!$I$2:$I$160,"?*") -> 8 | E27: =IFERROR(AVERAGEIFS(楊梅20km名錄!$N$2:$N$160,楊梅20km名錄!$F$2:$F$160,$A27,楊梅20km名錄!$N$2:$N$160,">0"),"") -> 3.875 | F27: =IFERROR(AVERAGEIFS(楊梅20km名錄!$P$2:$P$160,楊梅20km名錄!$F$2:$F$160,$A27,楊梅20km名錄!$P$2:$P$160,">0"),"") -> 205.4325 | G27: =IFERROR(AVERAGEIFS(楊梅20km名錄!$R$2:$R$160,楊梅20km名錄!$F$2:$F$160,$A27,楊梅20km名錄!$R$2:$R$160,">0"),"") -> 3 | H27: =COUNTIFS(楊梅20km名錄!$F$2:$F$160,$A27,楊梅20km名錄!$M$2:$M$160,"大型") -> 0
A28: 桃園區 | B28: =COUNTIF(楊梅20km名錄!$F$2:$F$160,$A28) -> 11 | C28: =COUNTIFS(楊梅20km名錄!$F$2:$F$160,$A28,楊梅20km名錄!$D$2:$D$160,"<>") -> 8 | D28: =COUNTIFS(楊梅20km名錄!$F$2:$F$160,$A28,楊梅20km名錄!$I$2:$I$160,"?*") -> 8 | E28: =IFERROR(AVERAGEIFS(楊梅20km名錄!$N$2:$N$160,楊梅20km名錄!$F$2:$F$160,$A28,楊梅20km名錄!$N$2:$N$160,">0"),"") -> 3.75 | F28: =IFERROR(AVERAGEIFS(楊梅20km名錄!$P$2:$P$160,楊梅20km名錄!$F$2:$F$160,$A28,楊梅20km名錄!$P$2:$P$160,">0"),"") -> 193.26875 | G28: =IFERROR(AVERAGEIFS(楊梅20km名錄!$R$2:$R$160,楊梅20km名錄!$F$2:$F$160,$A28,楊梅20km名錄!$R$2:$R$160,">0"),"") -> 3.375 | H28: =COUNTIFS(楊梅20km名錄!$F$2:$F$160,$A28,楊梅20km名錄!$M$2:$M$160,"大型") -> 0
A29: 中壢區 | B29: =COUNTIF(楊梅20km名錄!$F$2:$F$160,$A29) -> 10 | C29: =COUNTIFS(楊梅20km名錄!$F$2:$F$160,$A29,楊梅20km名錄!$D$2:$D$160,"<>") -> 8 | D29: =COUNTIFS(楊梅20km名錄!$F$2:$F$160,$A29,楊梅20km名錄!$I$2:$I$160,"?*") -> 8 | E29: =IFERROR(AVERAGEIFS(楊梅20km名錄!$N$2:$N$160,楊梅20km名錄!$F$2:$F$160,$A29,楊梅20km名錄!$N$2:$N$160,">0"),"") -> 3 | F29: =IFERROR(AVERAGEIFS(楊梅20km名錄!$P$2:$P$160,楊梅20km名錄!$F$2:$F$160,$A29,楊梅20km名錄!$P$2:$P$160,">0"),"") -> 164.34125 | G29: =IFERROR(AVERAGEIFS(楊梅20km名錄!$R$2:$R$160,楊梅20km名錄!$F$2:$F$160,$A29,楊梅20km名錄!$R$2:$R$160,">0"),"") -> 4.75 | H29: =COUNTIFS(楊梅20km名錄!$F$2:$F$160,$A29,楊梅20km名錄!$M$2:$M$160,"大型") -> 0
A30: 大溪區 | B30: =COUNTIF(楊梅20km名錄!$F$2:$F$160,$A30) -> 10 | C30: =COUNTIFS(楊梅20km名錄!$F$2:$F$160,$A30,楊梅20km名錄!$D$2:$D$160,"<>") -> 7 | D30: =COUNTIFS(楊梅20km名錄!$F$2:$F$160,$A30,楊梅20km名錄!$I$2:$I$160,"?*") -> 7 | E30: =IFERROR(AVERAGEIFS(楊梅20km名錄!$N$2:$N$160,楊梅20km名錄!$F$2:$F$160,$A30,楊梅20km名錄!$N$2:$N$160,">0"),"") -> 2.8571429 | F30: =IFERROR(AVERAGEIFS(楊梅20km名錄!$P$2:$P$160,楊梅20km名錄!$F$2:$F$160,$A30,楊梅20km名錄!$P$2:$P$160,">0"),"") -> 246.05571 | G30: =IFERROR(AVERAGEIFS(楊梅20km名錄!$R$2:$R$160,楊梅20km名錄!$F$2:$F$160,$A30,楊梅20km名錄!$R$2:$R$160,">0"),"") -> 2.8571429 | H30: =COUNTIFS(楊梅20km名錄!$F$2:$F$160,$A30,楊梅20km名錄!$M$2:$M$160,"大型") -> 1
A31: 八德區 | B31: =COUNTIF(楊梅20km名錄!$F$2:$F$160,$A31) -> 10 | C31: =COUNTIFS(楊梅20km名錄!$F$2:$F$160,$A31,楊梅20km名錄!$D$2:$D$160,"<>") -> 8 | D31: =COUNTIFS(楊梅20km名錄!$F$2:$F$160,$A31,楊梅20km名錄!$I$2:$I$160,"?*") -> 8 | E31: =IFERROR(AVERAGEIFS(楊梅20km名錄!$N$2:$N$160,楊梅20km名錄!$F$2:$F$160,$A31,楊梅20km名錄!$N$2:$N$160,">0"),"") -> 3.875 | F31: =IFERROR(AVERAGEIFS(楊梅20km名錄!$P$2:$P$160,楊梅20km名錄!$F$2:$F$160,$A31,楊梅20km名錄!$P$2:$P$160,">0"),"") -> 233.01375 | G31: =IFERROR(AVERAGEIFS(楊梅20km名錄!$R$2:$R$160,楊梅20km名錄!$F$2:$F$160,$A31,楊梅20km名錄!$R$2:$R$160,">0"),"") -> 2.625 | H31: =COUNTIFS(楊梅20km名錄!$F$2:$F$160,$A31,楊梅20km名錄!$M$2:$M$160,"大型") -> 2
A32: 鶯歌區 | B32: =COUNTIF(楊梅20km名錄!$F$2:$F$160,$A32) -> 10 | C32: =COUNTIFS(楊梅20km名錄!$F$2:$F$160,$A32,楊梅20km名錄!$D$2:$D$160,"<>") -> 9 | D32: =COUNTIFS(楊梅20km名錄!$F$2:$F$160,$A32,楊梅20km名錄!$I$2:$I$160,"?*") -> 6 | E32: =IFERROR(AVERAGEIFS(楊梅20km名錄!$N$2:$N$160,楊梅20km名錄!$F$2:$F$160,$A32,楊梅20km名錄!$N$2:$N$160,">0"),"") -> 4.3333333 | F32: =IFERROR(AVERAGEIFS(楊梅20km名錄!$P$2:$P$160,楊梅20km名錄!$F$2:$F$160,$A32,楊梅20km名錄!$P$2:$P$160,">0"),"") -> 261.59667 | G32: =IFERROR(AVERAGEIFS(楊梅20km名錄!$R$2:$R$160,楊梅20km名錄!$F$2:$F$160,$A32,楊梅20km名錄!$R$2:$R$160,">0"),"") -> 6.4444444 | H32: =COUNTIFS(楊梅20km名錄!$F$2:$F$160,$A32,楊梅20km名錄!$M$2:$M$160,"大型") -> 2
A33: 蘆竹區 | B33: =COUNTIF(楊梅20km名錄!$F$2:$F$160,$A33) -> 7 | C33: =COUNTIFS(楊梅20km名錄!$F$2:$F$160,$A33,楊梅20km名錄!$D$2:$D$160,"<>") -> 4 | D33: =COUNTIFS(楊梅20km名錄!$F$2:$F$160,$A33,楊梅20km名錄!$I$2:$I$160,"?*") -> 4 | E33: =IFERROR(AVERAGEIFS(楊梅20km名錄!$N$2:$N$160,楊梅20km名錄!$F$2:$F$160,$A33,楊梅20km名錄!$N$2:$N$160,">0"),"") -> 5.25 | F33: =IFERROR(AVERAGEIFS(楊梅20km名錄!$P$2:$P$160,楊梅20km名錄!$F$2:$F$160,$A33,楊梅20km名錄!$P$2:$P$160,">0"),"") -> 203.045 | G33: =IFERROR(AVERAGEIFS(楊梅20km名錄!$R$2:$R$160,楊梅20km名錄!$F$2:$F$160,$A33,楊梅20km名錄!$R$2:$R$160,">0"),"") -> 8 | H33: =COUNTIFS(楊梅20km名錄!$F$2:$F$160,$A33,楊梅20km名錄!$M$2:$M$160,"大型") -> 1
A34: 湖口鄉 | B34: =COUNTIF(楊梅20km名錄!$F$2:$F$160,$A34) -> 7 | C34: =COUNTIFS(楊梅20km名錄!$F$2:$F$160,$A34,楊梅20km名錄!$D$2:$D$160,"<>") -> 5 | D34: =COUNTIFS(楊梅20km名錄!$F$2:$F$160,$A34,楊梅20km名錄!$I$2:$I$160,"?*") -> 4 | E34: =IFERROR(AVERAGEIFS(楊梅20km名錄!$N$2:$N$160,楊梅20km名錄!$F$2:$F$160,$A34,楊梅20km名錄!$N$2:$N$160,">0"),"") -> 4.2 | F34: =IFERROR(AVERAGEIFS(楊梅20km名錄!$P$2:$P$160,楊梅20km名錄!$F$2:$F$160,$A34,楊梅20km名錄!$P$2:$P$160,">0"),"") -> 224.938 | G34: =IFERROR(AVERAGEIFS(楊梅20km名錄!$R$2:$R$160,楊梅20km名錄!$F$2:$F$160,$A34,楊梅20km名錄!$R$2:$R$160,">0"),"") -> 4.6 | H34: =COUNTIFS(楊梅20km名錄!$F$2:$F$160,$A34,楊梅20km名錄!$M$2:$M$160,"大型") -> 1
... A42: 龜山區 | B42: =COUNTIF(楊梅20km名錄!$F$2:$F$160,$A42) -> 1 | C42: =COUNTIFS(楊梅20km名錄!$F$2:$F$160,$A42,楊梅20km名錄!$D$2:$D$160,"<>") -> 1 | D42: =COUNTIFS(楊梅20km名錄!$F$2:$F$160,$A42,楊梅20km名錄!$I$2:$I$160,"?*") -> 1 | E42: =IFERROR(AVERAGEIFS(楊梅20km名錄!$N$2:$N$160,楊梅20km名錄!$F$2:$F$160,$A42,楊梅20km名錄!$N$2:$N$160,">0"),"") -> 3 | F42: =IFERROR(AVERAGEIFS(楊梅20km名錄!$P$2:$P$160,楊梅20km名錄!$F$2:$F$160,$A42,楊梅20km名錄!$P$2:$P$160,">0"),"") -> 157.44 | G42: =IFERROR(AVERAGEIFS(楊梅20km名錄!$R$2:$R$160,楊梅20km名錄!$F$2:$F$160,$A42,楊梅20km名錄!$R$2:$R$160,">0"),"") -> 2 | H42: =COUNTIFS(楊梅20km名錄!$F$2:$F$160,$A42,楊梅20km名錄!$M$2:$M$160,"大型") -> 0
A44: 全台英文補習班 — 依縣市
A45: 縣市 | B45: 家數 | C45: 有 Email | D45: 平均教室數 | E45: 平均班舍面積(㎡) | F45: 平均師資(人) | G45: 大型 | H45: 小型
A46: 桃園市 | B46: =COUNTIF(全台英文補習班!$A$2:$A$4686,$A46) -> 925 | C46: =COUNTIFS(全台英文補習班!$A$2:$A$4686,$A46,全台英文補習班!$F$2:$F$4686,"?*") -> 885 | D46: =IFERROR(AVERAGEIFS(全台英文補習班!$H$2:$H$4686,全台英文補習班!$A$2:$A$4686,$A46,全台英文補習班!$H$2:$H$4686,">0"),"") -> 3.8410811 | E46: =IFERROR(AVERAGEIFS(全台英文補習班!$J$2:$J$4686,全台英文補習班!$A$2:$A$4686,$A46,全台英文補習班!$J$2:$J$4686,">0"),"") -> 213.04564 | F46: =IFERROR(AVERAGEIFS(全台英文補習班!$L$2:$L$4686,全台英文補習班!$A$2:$A$4686,$A46,全台英文補習班!$L$2:$L$4686,">0"),"") -> 4.6706915 | G46: =COUNTIFS(全台英文補習班!$A$2:$A$4686,$A46,全台英文補習班!$G$2:$G$4686,"大型") -> 110 | H46: =COUNTIFS(全台英文補習班!$A$2:$A$4686,$A46,全台英文補習班!$G$2:$G$4686,"小型") -> 539
A47: 新北市 | B47: =COUNTIF(全台英文補習班!$A$2:$A$4686,$A47) -> 890 | C47: =COUNTIFS(全台英文補習班!$A$2:$A$4686,$A47,全台英文補習班!$F$2:$F$4686,"?*") -> 496 | D47: =IFERROR(AVERAGEIFS(全台英文補習班!$H$2:$H$4686,全台英文補習班!$A$2:$A$4686,$A47,全台英文補習班!$H$2:$H$4686,">0"),"") -> 4.1460674 | E47: =IFERROR(AVERAGEIFS(全台英文補習班!$J$2:$J$4686,全台英文補習班!$A$2:$A$4686,$A47,全台英文補習班!$J$2:$J$4686,">0"),"") -> 205.49864 | F47: =IFERROR(AVERAGEIFS(全台英文補習班!$L$2:$L$4686,全台英文補習班!$A$2:$A$4686,$A47,全台英文補習班!$L$2:$L$4686,">0"),"") -> 7.0406977 | G47: =COUNTIFS(全台英文補習班!$A$2:$A$4686,$A47,全台英文補習班!$G$2:$G$4686,"大型") -> 120 | H47: =COUNTIFS(全台英文補習班!$A$2:$A$4686,$A47,全台英文補習班!$G$2:$G$4686,"小型") -> 524
A48: 臺北市 | B48: =COUNTIF(全台英文補習班!$A$2:$A$4686,$A48) -> 531 | C48: =COUNTIFS(全台英文補習班!$A$2:$A$4686,$A48,全台英文補習班!$F$2:$F$4686,"?*") -> 508 | D48: =IFERROR(AVERAGEIFS(全台英文補習班!$H$2:$H$4686,全台英文補習班!$A$2:$A$4686,$A48,全台英文補習班!$H$2:$H$4686,">0"),"") -> 4.3615819 | E48: =IFERROR(AVERAGEIFS(全台英文補習班!$J$2:$J$4686,全台英文補習班!$A$2:$A$4686,$A48,全台英文補習班!$J$2:$J$4686,">0"),"") -> 174.12074 | F48: =IFERROR(AVERAGEIFS(全台英文補習班!$L$2:$L$4686,全台英文補習班!$A$2:$A$4686,$A48,全台英文補習班!$L$2:$L$4686,">0"),"") -> 14.351044 | G48: =COUNTIFS(全台英文補習班!$A$2:$A$4686,$A48,全台英文補習班!$G$2:$G$4686,"大型") -> 50 | H48: =COUNTIFS(全台英文補習班!$A$2:$A$4686,$A48,全台英文補習班!$G$2:$G$4686,"小型") -> 355
A49: 臺中市 | B49: =COUNTIF(全台英文補習班!$A$2:$A$4686,$A49) -> 493 | C49: =COUNTIFS(全台英文補習班!$A$2:$A$4686,$A49,全台英文補習班!$F$2:$F$4686,"?*") -> 341 | D49: =IFERROR(AVERAGEIFS(全台英文補習班!$H$2:$H$4686,全台英文補習班!$A$2:$A$4686,$A49,全台英文補習班!$H$2:$H$4686,">0"),"") -> 4.4482759 | E49: =IFERROR(AVERAGEIFS(全台英文補習班!$J$2:$J$4686,全台英文補習班!$A$2:$A$4686,$A49,全台英文補習班!$J$2:$J$4686,">0"),"") -> 282.28759 | F49: =IFERROR(AVERAGEIFS(全台英文補習班!$L$2:$L$4686,全台英文補習班!$A$2:$A$4686,$A49,全台英文補習班!$L$2:$L$4686,">0"),"") -> 5.777027 | G49: =COUNTIFS(全台英文補習班!$A$2:$A$4686,$A49,全台英文補習班!$G$2:$G$4686,"大型") -> 103 | H49: =COUNTIFS(全台英文補習班!$A$2:$A$4686,$A49,全台英文補習班!$G$2:$G$4686,"小型") -> 249
A50: 彰化縣 | B50: =COUNTIF(全台英文補習班!$A$2:$A$4686,$A50) -> 291 | C50: =COUNTIFS(全台英文補習班!$A$2:$A$4686,$A50,全台英文補習班!$F$2:$F$4686,"?*") -> 223 | D50: =IFERROR(AVERAGEIFS(全台英文補習班!$H$2:$H$4686,全台英文補習班!$A$2:$A$4686,$A50,全台英文補習班!$H$2:$H$4686,">0"),"") -> 2.4931034 | E50: =IFERROR(AVERAGEIFS(全台英文補習班!$J$2:$J$4686,全台英文補習班!$A$2:$A$4686,$A50,全台英文補習班!$J$2:$J$4686,">0"),"") -> 146.0195 | F50: =IFERROR(AVERAGEIFS(全台英文補習班!$L$2:$L$4686,全台英文補習班!$A$2:$A$4686,$A50,全台英文補習班!$L$2:$L$4686,">0"),"") -> 3.2229965 | G50: =COUNTIFS(全台英文補習班!$A$2:$A$4686,$A50,全台英文補習班!$G$2:$G$4686,"大型") -> 12 | H50: =COUNTIFS(全台英文補習班!$A$2:$A$4686,$A50,全台英文補習班!$G$2:$G$4686,"小型") -> 248
A51: 高雄市 | B51: =COUNTIF(全台英文補習班!$A$2:$A$4686,$A51) -> 277 | C51: =COUNTIFS(全台英文補習班!$A$2:$A$4686,$A51,全台英文補習班!$F$2:$F$4686,"?*") -> 265 | D51: =IFERROR(AVERAGEIFS(全台英文補習班!$H$2:$H$4686,全台英文補習班!$A$2:$A$4686,$A51,全台英文補習班!$H$2:$H$4686,">0"),"") -> 4.3465704 | E51: =IFERROR(AVERAGEIFS(全台英文補習班!$J$2:$J$4686,全台英文補習班!$A$2:$A$4686,$A51,全台英文補習班!$J$2:$J$4686,">0"),"") -> 239.41986 | F51: =IFERROR(AVERAGEIFS(全台英文補習班!$L$2:$L$4686,全台英文補習班!$A$2:$A$4686,$A51,全台英文補習班!$L$2:$L$4686,">0"),"") -> 6.5416667 | G51: =COUNTIFS(全台英文補習班!$A$2:$A$4686,$A51,全台英文補習班!$G$2:$G$4686,"大型") -> 49 | H51: =COUNTIFS(全台英文補習班!$A$2:$A$4686,$A51,全台英文補習班!$G$2:$G$4686,"小型") -> 143
A52: 臺南市 | B52: =COUNTIF(全台英文補習班!$A$2:$A$4686,$A52) -> 259 | C52: =COUNTIFS(全台英文補習班!$A$2:$A$4686,$A52,全台英文補習班!$F$2:$F$4686,"?*") -> 207 | D52: =IFERROR(AVERAGEIFS(全台英文補習班!$H$2:$H$4686,全台英文補習班!$A$2:$A$4686,$A52,全台英文補習班!$H$2:$H$4686,">0"),"") -> 3.1042471 | E52: =IFERROR(AVERAGEIFS(全台英文補習班!$J$2:$J$4686,全台英文補習班!$A$2:$A$4686,$A52,全台英文補習班!$J$2:$J$4686,">0"),"") -> 179.69197 | F52: =IFERROR(AVERAGEIFS(全台英文補習班!$L$2:$L$4686,全台英文補習班!$A$2:$A$4686,$A52,全台英文補習班!$L$2:$L$4686,">0"),"") -> 4.2093023 | G52: =COUNTIFS(全台英文補習班!$A$2:$A$4686,$A52,全台英文補習班!$G$2:$G$4686,"大型") -> 24 | H52: =COUNTIFS(全台英文補習班!$A$2:$A$4686,$A52,全台英文補習班!$G$2:$G$4686,"小型") -> 189
A53: 新竹市 | B53: =COUNTIF(全台英文補習班!$A$2:$A$4686,$A53) -> 169 | C53: =COUNTIFS(全台英文補習班!$A$2:$A$4686,$A53,全台英文補習班!$F$2:$F$4686,"?*") -> 158 | D53: =IFERROR(AVERAGEIFS(全台英文補習班!$H$2:$H$4686,全台英文補習班!$A$2:$A$4686,$A53,全台英文補習班!$H$2:$H$4686,">0"),"") -> 5.0059172 | E53: =IFERROR(AVERAGEIFS(全台英文補習班!$J$2:$J$4686,全台英文補習班!$A$2:$A$4686,$A53,全台英文補習班!$J$2:$J$4686,">0"),"") -> 263.38429 | F53: =IFERROR(AVERAGEIFS(全台英文補習班!$L$2:$L$4686,全台英文補習班!$A$2:$A$4686,$A53,全台英文補習班!$L$2:$L$4686,">0"),"") -> 6.2071006 | G53: =COUNTIFS(全台英文補習班!$A$2:$A$4686,$A53,全台英文補習班!$G$2:$G$4686,"大型") -> 38 | H53: =COUNTIFS(全台英文補習班!$A$2:$A$4686,$A53,全台英文補習班!$G$2:$G$4686,"小型") -> 83
A54: 屏東縣 | B54: =COUNTIF(全台英文補習班!$A$2:$A$4686,$A54) -> 148 | C54: =COUNTIFS(全台英文補習班!$A$2:$A$4686,$A54,全台英文補習班!$F$2:$F$4686,"?*") -> 92 | D54: =IFERROR(AVERAGEIFS(全台英文補習班!$H$2:$H$4686,全台英文補習班!$A$2:$A$4686,$A54,全台英文補習班!$H$2:$H$4686,">0"),"") -> 3.1351351 | E54: =IFERROR(AVERAGEIFS(全台英文補習班!$J$2:$J$4686,全台英文補習班!$A$2:$A$4686,$A54,全台英文補習班!$J$2:$J$4686,">0"),"") -> 176.98991 | F54: =IFERROR(AVERAGEIFS(全台英文補習班!$L$2:$L$4686,全台英文補習班!$A$2:$A$4686,$A54,全台英文補習班!$L$2:$L$4686,">0"),"") -> 3.7062937 | G54: =COUNTIFS(全台英文補習班!$A$2:$A$4686,$A54,全台英文補習班!$G$2:$G$4686,"大型") -> 11 | H54: =COUNTIFS(全台英文補習班!$A$2:$A$4686,$A54,全台英文補習班!$G$2:$G$4686,"小型") -> 106
A55: 新竹縣 | B55: =COUNTIF(全台英文補習班!$A$2:$A$4686,$A55) -> 112 | C55: =COUNTIFS(全台英文補習班!$A$2:$A$4686,$A55,全台英文補習班!$F$2:$F$4686,"?*") -> 107 | D55: =IFERROR(AVERAGEIFS(全台英文補習班!$H$2:$H$4686,全台英文補習班!$A$2:$A$4686,$A55,全台英文補習班!$H$2:$H$4686,">0"),"") -> 4.0089286 | E55: =IFERROR(AVERAGEIFS(全台英文補習班!$J$2:$J$4686,全台英文補習班!$A$2:$A$4686,$A55,全台英文補習班!$J$2:$J$4686,">0"),"") -> 253.51446 | F55: =IFERROR(AVERAGEIFS(全台英文補習班!$L$2:$L$4686,全台英文補習班!$A$2:$A$4686,$A55,全台英文補習班!$L$2:$L$4686,">0"),"") -> 8.8648649 | G55: =COUNTIFS(全台英文補習班!$A$2:$A$4686,$A55,全台英文補習班!$G$2:$G$4686,"大型") -> 20 | H55: =COUNTIFS(全台英文補習班!$A$2:$A$4686,$A55,全台英文補習班!$G$2:$G$4686,"小型") -> 59
A56: 嘉義縣 | B56: =COUNTIF(全台英文補習班!$A$2:$A$4686,$A56) -> 112 | C56: =COUNTIFS(全台英文補習班!$A$2:$A$4686,$A56,全台英文補習班!$F$2:$F$4686,"?*") -> 94 | D56: =IFERROR(AVERAGEIFS(全台英文補習班!$H$2:$H$4686,全台英文補習班!$A$2:$A$4686,$A56,全台英文補習班!$H$2:$H$4686,">0"),"") -> 3.0357143 | E56: =IFERROR(AVERAGEIFS(全台英文補習班!$J$2:$J$4686,全台英文補習班!$A$2:$A$4686,$A56,全台英文補習班!$J$2:$J$4686,">0"),"") -> 131.60319 | F56: =IFERROR(AVERAGEIFS(全台英文補習班!$L$2:$L$4686,全台英文補習班!$A$2:$A$4686,$A56,全台英文補習班!$L$2:$L$4686,">0"),"") -> 3.2410714 | G56: =COUNTIFS(全台英文補習班!$A$2:$A$4686,$A56,全台英文補習班!$G$2:$G$4686,"大型") -> 6 | H56: =COUNTIFS(全台英文補習班!$A$2:$A$4686,$A56,全台英文補習班!$G$2:$G$4686,"小型") -> 87
A57: 宜蘭縣 | B57: =COUNTIF(全台英文補習班!$A$2:$A$4686,$A57) -> 99 | C57: =COUNTIFS(全台英文補習班!$A$2:$A$4686,$A57,全台英文補習班!$F$2:$F$4686,"?*") -> 80 | D57: =IFERROR(AVERAGEIFS(全台英文補習班!$H$2:$H$4686,全台英文補習班!$A$2:$A$4686,$A57,全台英文補習班!$H$2:$H$4686,">0"),"") -> 4.1212121 | E57: =IFERROR(AVERAGEIFS(全台英文補習班!$J$2:$J$4686,全台英文補習班!$A$2:$A$4686,$A57,全台英文補習班!$J$2:$J$4686,">0"),"") -> 239.37374 | F57: =IFERROR(AVERAGEIFS(全台英文補習班!$L$2:$L$4686,全台英文補習班!$A$2:$A$4686,$A57,全台英文補習班!$L$2:$L$4686,">0"),"") -> 5.3232323 | G57: =COUNTIFS(全台英文補習班!$A$2:$A$4686,$A57,全台英文補習班!$G$2:$G$4686,"大型") -> 15 | H57: =COUNTIFS(全台英文補習班!$A$2:$A$4686,$A57,全台英文補習班!$G$2:$G$4686,"小型") -> 57
... A67: 連江縣 | B67: =COUNTIF(全台英文補習班!$A$2:$A$4686,$A67) -> 2 | C67: =COUNTIFS(全台英文補習班!$A$2:$A$4686,$A67,全台英文補習班!$F$2:$F$4686,"?*") -> 2 | D67: =IFERROR(AVERAGEIFS(全台英文補習班!$H$2:$H$4686,全台英文補習班!$A$2:$A$4686,$A67,全台英文補習班!$H$2:$H$4686,">0"),"") -> 2.5 | E67: =IFERROR(AVERAGEIFS(全台英文補習班!$J$2:$J$4686,全台英文補習班!$A$2:$A$4686,$A67,全台英文補習班!$J$2:$J$4686,">0"),"") -> 133.155 | F67: =IFERROR(AVERAGEIFS(全台英文補習班!$L$2:$L$4686,全台英文補習班!$A$2:$A$4686,$A67,全台英文補習班!$L$2:$L$4686,">0"),"") -> 3 | G67: =COUNTIFS(全台英文補習班!$A$2:$A$4686,$A67,全台英文補習班!$G$2:$G$4686,"大型") -> 0 | H67: =COUNTIFS(全台英文補習班!$A$2:$A$4686,$A67,全台英文補習班!$G$2:$G$4686,"小型") -> 2
A68: 合計 | B68: =SUM(B46:B67) -> 4685 | C68: =SUM(C46:C67) -> 3790 | G68: =SUM(G46:G67) -> 605 | H68: =SUM(H46:H67) -> 2873
A70: 註：平均值只計有數據者；未對上立案資料的補習班不列入教室／面積／師資的平均。

Sheet 未對上立案
A1: 距離(km) | B1: 名稱 | C1: 行政區 | D1: 地址 | E1: 電話 | F1: 評分 | G1: 評論數 | H1: Google Maps
A2: 0.89 | B2: 空中美語兒童美語 楊梅艾奇德 分校 | C2: 楊梅區 | D2: 桃園市楊梅區四維里文化街96號 | E2: 03 481 8811 | F2: 5 | G2: 1 | H2: 地圖
A3: 3.03 | B3: 甜蜜美語文理短期補習班 | C3: 楊梅區 | D3: 桃園市楊梅區裕成里裕成路158巷31號 | E3: 03 431 4018 | F3: 3 | G3: 2 | H3: 地圖
A4: 4.35 | B4: 佑育語文文理短期補習班 | C4: 楊梅區 | D4: 桃園市楊梅區新榮里富榮路15號2樓 | E4: 03 490 6733 | F4: 5 | G4: 2 | H4: 地圖
A5: 4.57 | B5: 明子園幼兒園/課後班/安親班/文化國小安親/美語安親/ | C5: 平鎮區 | D5: 桃園市平鎮區復旦里文化街68巷6號 | E5: 03 494 5172 | F5: 4.4 | G5: 58 | H5: 地圖
A6: 5.51 | B6: 喬登美語(潛龍分校) | C6: 龍潭區 | D6: 桃園市龍潭區烏樹林里中豐路418之1號 | H6: 地圖
A7: 7.6 | B7: 吉的堡美語學校(中壢大崙分校) | C7: 中壢區 | D7: 桃園市中壢區內厝里中正路四段70號 | E7: 03 498 6090 | F7: 4.5 | G7: 8 | H7: 地圖
A8: 7.65 | B8: 挪亞美語作文短期補習班 | C8: 龍潭區 | D8: 桃園市龍潭區武漢里國聯街21號 | E8: 03 499 6048 | H8: 地圖
A9: 8.52 | B9: 王莉美語安親中心 | C9: 楊梅區 | D9: 桃園市楊梅區 | F9: 3.8 | G9: 4 | H9: 地圖
A10: 8.93 | B10: 科林外語 | C10: 中壢區 | D10: 桃園市中壢區華愛里榮民南路83號 | H10: 地圖
A11: 9.45 | B11: 維吉尼亞文理語文短期補習班 | C11: 楊梅區 | D11: 桃園市楊梅區豐野里民富路三段924巷7號 | E11: 03 472 7887 | H11: 地圖
A12: 10.06 | B12: 茗雅文理美語短期補習班 | C12: 大溪區 | D12: 桃園市大溪區光明里三元一街31號 | E12: 03 389 2327 | H12: 地圖
A13: 10.55 | B13: 日進文理語文短期補習班 | C13: 龍潭區 | D13: 桃園市龍潭區建林里民族路216巷16弄3號 | E13: 03 470 4629 | H13: 地圖
A14: 10.79 | B14: 競升文理美語短期補習班 | C14: 龍潭區 | D14: 桃園市龍潭區三林里民族路293巷16弄5號 | E14: 03 499 3535 | H14: 地圖
A15: 11.47 | B15: 大英美語文理補習班 | C15: 觀音區 | D15: 桃園市觀音區新坡里文中路66號 | E15: 03 498 7622 | F15: 5 | G15: 1 | H15: 地圖
A16: 11.49 | B16: 語捷語文短期補習班 | C16: 觀音區 | D16: 桃園市觀音區新坡里中山路二段470號 | E16: 03 498 6819 | F16: 5 | G16: 1 | H16: 地圖
A17: 11.69 | B17: 私立成龍語文短期補習班 | C17: 大溪區 | D17: 桃園市大溪區福仁里登龍路20巷2號1樓 | E17: 03 387 9867 | H17: 地圖
A18: 12.29 | B18: 學子語文文理短期補習班 | C18: 大溪區 | D18: 桃園市大溪區一心里文化路161號 | E18: 03 387 3139 | H18: 地圖
A19: 12.45 | B19: 喬登美語 | C19: 蘆竹區 | D19: 桃園市蘆竹區新興里文中路一段19巷36號 | E19: 080 003 7789 | F19: 3 | G19: 2 | H19: 地圖
A20: 12.58 | B20: 私立兒童星球美語短期補習班 | C20: 桃園區 | D20: 桃園市桃園區龍安里國豐十街258號 | E20: 03 360 0292 | F20: 4.3 | G20: 6 | H20: 地圖
A21: 12.59 | B21: 夏恩英語 桃園大成校 | C21: 八德區 | D21: 桃園市八德區大和里建國路1110號 | E21: 03 363 7598 | F21: 5 | G21: 8 | H21: 地圖
A22: 12.65 | B22: 承信短期美語補習班 | C22: 八德區 | D22: 桃園市八德區 | H22: 地圖
A23: 13.23 | B23: 冠昱補習班 （湖口國高中補習班）《國中全科班》1對1家教班｜全民英檢班｜私中衝刺班 | C23: 湖口鄉 | D23: 新竹縣湖口鄉中正村中正路二段340號 | E23: 03 599 1431 | F23: 4 | G23: 86 | H23: 地圖
A24: 14.04 | B24: 薪傳巨人升學文理補習班&Live互動美語湖口信勢分校 | C24: 湖口鄉 | D24: 新竹縣湖口鄉中正村中山路一段588號 | E24: 03 590 6111 | F24: 4.2 | G24: 19 | H24: 地圖
A25: 14.12 | B25: MPM數學 常春藤英語 新埔分校 | C25: 新埔鎮 | D25: 新竹縣新埔鎮四座里中正路192號 | E25: 03 589 7903 | F25: 4.4 | G25: 13 | H25: 地圖
A26: 14.23 | B26: 佳仁美語才藝短期補習班 | C26: 關西鎮 | D26: 新竹縣關西鎮北斗里中興路12號 | E26: 03 587 8600 | F26: 5 | G26: 3 | H26: 地圖
A27: 14.33 | B27: 玉兔兒童課後照顧服務中心《新莊國小 大竹國小 大華國小》蘆竹安親班 蘆竹才藝班 蘆竹兒童美語 蘆竹兒童舞蹈 蘆竹暑期班 | C27: 蘆竹區 | D27: 桃園市蘆竹區大竹里南竹路五段222號 | E27: 03 323 2446 | F27: 5 | G27: 41 | H27: 地圖
A28: 14.49 | B28: 賴世雄美語 傅老師補習班 | C28: 新埔鎮 | D28: 新竹縣新埔鎮 | H28: 地圖
A29: 15.48 | B29: 漢林美語短期補習班 | C29: 大園區 | D29: 桃園市大園區埔心里埔心街99-5號 | E29: 03 381 3036 | H29: 地圖
A30: 16 | B30: 惠翔語文短期補習班 | C30: 大園區 | D30: 桃園市大園區田心里華興路50號 | E30: 03 385 9622 | F30: 4 | G30: 4 | H30: 地圖
A31: 16.06 | B31: 雷克斯美語短期補習班 | C31: 觀音區 | D31: 桃園市觀音區觀音里中正路257號 | E31: 03 473 5266 | F31: 5 | G31: 1 | H31: 地圖
A32: 16.42 | B32: 私立米可美語短期補習班 | C32: 桃園區 | D32: 桃園市桃園區成功里桃三街62號1樓 | E32: 03 347 3366 | H32: 地圖
A33: 16.91 | B33: 私立葵思美語短期補習班 | C33: 桃園區 | D33: 桃園區莊敬里莊敬路一段210巷59號 | E33: 03 317 3712 | H33: 地圖
A34: 17.47 | B34: 學詮珠心算語文短期補習班 | C34: 鶯歌區 | D34: 新北市鶯歌區南鶯里育才街90號 | E34: 02 2678 6728 | H34: 地圖
A35: 17.56 | B35: 長頸鹿美語-南崁光明分校 (宇成)安親/美語/英檢/國中/國一先修/升學/私校專班 | C35: 蘆竹區 | D35: 桃園市蘆竹區福昌里南昌路264號1樓 | E35: 03 312 2000 | F35: 3.7 | G35: 3 | H35: 地圖
A36: 18.95 | B36: 文強文理語文短期補習班 | C36: 三峽區 | D36: 新北市三峽區中埔里弘園街36巷8號 | E36: 02 8671 1066 | F36: 5 | G36: 1 | H36: 地圖
A37: 19.06 | B37: 徐薇英文芎林文林分校-文林文理才藝補習班 | C37: 芎林鄉 | D37: 新竹縣芎林鄉文林村文德路30號1樓 | E37: 03 592 1000 | F37: 4.8 | G37: 63 | H37: 地圖
A38: 19.86 | B38: 樂獅英語竹北興隆分校 國小國中高中英文補習班・自然發音・全民英檢 竹北英文補習班推薦 | C38: 竹北市 | D38: 新竹縣竹北市鹿場里文興路195號 | E38: 03 550 0887 | F38: 5 | G38: 302 | H38: 地圖
A39: 19.92 | B39: 金蘋果語言中心-竹北教室 | C39: 竹北市 | D39: 新竹縣竹北市鹿場里成功十五街 | E39: 0956 521 333 | H39: 地圖
A40: 19.93 | B40: 私立汶喬語文短期補習班 | C40: 三峽區 | D40: 新北市三峽區中正里大同路88巷6號 | E40: 02 2674 2314 | F40: 4 | G40: 1 | H40: 地圖
A42: Google 找得到、但對不上教育部立案資料者。多為登記在「兒童課後照顧服務中心」名下（另一套系統），或 Google 地址與立案地址不一致。要確認立案狀態請到 https://bsb.kh.edu.tw/ 以名稱或地址查詢。
